INSERT INTO address (id, street, number, city, zip, country) VALUES ('ADI_1', 'Luterbachstrasse', '29', 'Zuchwil', '4528', 'Switzerland') ON CONFLICT DO NOTHING;
INSERT INTO address (id, street, number, city, zip, country) VALUES ('ADI_2', 'Bahnhofstrasse', '6', 'Windisch', '5210', 'Switzerland') ON CONFLICT DO NOTHING;
INSERT INTO address (id, street, number, city, zip, country) VALUES ('ADI_3', 'Bahnhofstrasse', '6', 'Windisch', '5210', 'Switzerland') ON CONFLICT DO NOTHING;

INSERT INTO shipster_user (user_id, user_name, first_name, last_name, email, password, address_id, gender, roles) VALUES ('UI_1', 'dani_01', 'Daniel', 'Gergely', 'daniel.gergely@students.fhnw.ch', '$2a$10$.oTsOd/w3Lx4xdr3LGC6qe6aYOSZpKIbDi4mq5AgmjT2j29KhT5Bi', 'ADI_1', 'male', 'ADMIN') ON CONFLICT DO NOTHING;
INSERT INTO shipster_user (user_id, user_name, first_name, last_name, email, password, address_id, gender, roles) VALUES ('UI_2', 'est_01', 'Esther', 'Collins', 'esther.collins@students.fhnw.ch', '$2a$10$.oTsOd/w3Lx4xdr3LGC6qe6aYOSZpKIbDi4mq5AgmjT2j29KhT5Bi', 'ADI_2', 'female', 'USER') ON CONFLICT DO NOTHING;
INSERT INTO shipster_user (user_id, user_name, first_name, last_name, email, password, address_id, gender, roles) VALUES ('UI_3', 'admin', 'Admin', 'Admin', 'admin.admin@students.fhnw.ch', '$2a$10$.oTsOd/w3Lx4xdr3LGC6qe6aYOSZpKIbDi4mq5AgmjT2j29KhT5Bi', 'ADI_3', 'male', 'USER,ADMIN') ON CONFLICT DO NOTHING;

INSERT INTO article (id, name, description, image_url, price, pallet_space, max_stack) VALUES ('AI_9', 'Article P1', 'The first P', '/images/box_1.png', 56.95, 1.2,25) ON CONFLICT DO NOTHING;
INSERT INTO article (id, name, description, image_url, price, pallet_space, max_stack) VALUES ('AI_10', 'Article P2', 'The funniest P', '/images/box_1.png', 12.95, 2,10) ON CONFLICT DO NOTHING;
INSERT INTO article (id, name, description, image_url, price, pallet_space, max_stack) VALUES ('AI_11', 'Article P3', 'The most expensive P', '/images/box_1.png', 66.95, 2.5,15) ON CONFLICT DO NOTHING;
INSERT INTO article (id, name, description, image_url, price, pallet_space, max_stack) VALUES ('AI_12', 'Article P4', 'The best P', '/images/box_1.png', 25.95, 0.8,1000) ON CONFLICT DO NOTHING;
INSERT INTO article (id, name, description, image_url, price, pallet_space, max_stack) VALUES ('AI_1', 'Shipster box 1', 'A standard shipping box. 25cm - 80cm - 35cm', '/images/box_1.png', 12.95, 0.2,25) ON CONFLICT DO NOTHING;
INSERT INTO article (id, name, description, image_url, price, pallet_space, max_stack) VALUES ('AI_2', 'Shipster box 2', 'A standard shipping box. 35cm - 90cm - 45cm', '/images/box_2.jpeg', 18.95, 0.3, 20) ON CONFLICT DO NOTHING;
INSERT INTO article (id, name, description, image_url, price, pallet_space, max_stack) VALUES ('AI_3', 'Shipster box 3', 'A standard shipping box. 35cm - 120cm - 30cm', '/images/box_3.jpeg', 20.95, 0.4, 30) ON CONFLICT DO NOTHING;
INSERT INTO article (id, name, description, image_url, price, pallet_space, max_stack) VALUES ('AI_4', 'Shipster big box 1', 'A large shipping box. 40cm - 150cm - 50cm', '/images/box_4.jpeg', 39.95, 0.8, 5) ON CONFLICT DO NOTHING;
INSERT INTO article (id, name, description, image_url, price, pallet_space, max_stack) VALUES ('AI_5', 'Shipster tall box', 'A tall shipping box. 50cm - 50cm - 160cm', '/images/box_5.jpg', 42.95, 0.4, 2) ON CONFLICT DO NOTHING;
INSERT INTO article (id, name, description, image_url, price, pallet_space, max_stack) VALUES ('AI_6', 'Shipster big box 2', 'A large shipping box. 50cm - 70cm - 120cm', '/images/box_6.jpeg', 49.95, 0.9, 4) ON CONFLICT DO NOTHING;
INSERT INTO article (id, name, description, image_url, price, pallet_space, max_stack) VALUES ('AI_7', 'Shipster wooden box', 'A wooden shipping box. 40cm - 50cm - 30cm', '/images/box_7.jpeg', 80.95, 1, 6) ON CONFLICT DO NOTHING;
INSERT INTO article (id, name, description, image_url, price, pallet_space, max_stack) VALUES ('AI_8', 'Shipster premium box', 'A premium shipping box. 40cm - 50cm - 40cm', '/images/box_8.jpg', 99.95, 1, 5) ON CONFLICT DO NOTHING;

INSERT INTO shipster_order (id, user_id, order_status) VALUES ('OI_1', 'UI_1', 'BASKET') ON CONFLICT DO NOTHING;
INSERT INTO shipster_order (id, user_id, order_status) VALUES ('OI_2', 'UI_2', 'ORDERED') ON CONFLICT DO NOTHING;
INSERT INTO shipster_order (id, user_id, order_status) VALUES ('OI_3', 'UI_1', 'ORDERED') ON CONFLICT DO NOTHING;
INSERT INTO shipster_order (id, user_id, order_status) VALUES ('OI_4', 'UI_1', 'ORDERED') ON CONFLICT DO NOTHING;
INSERT INTO shipster_order (id, user_id, order_status) VALUES ('OI_5', 'UI_1', 'ORDERED') ON CONFLICT DO NOTHING;

/*                                                          //  id art ord q  // */
INSERT INTO order_item (id, article_id, order_id, quantity) VALUES ('OII_1', 'AI_1', 'OI_1', 3) ON CONFLICT DO NOTHING;
INSERT INTO order_item (id, article_id, order_id, quantity) VALUES ('OII_2', 'AI_3', 'OI_1', 10) ON CONFLICT DO NOTHING;
INSERT INTO order_item (id, article_id, order_id, quantity) VALUES ('OII_3', 'AI_2', 'OI_2', 1) ON CONFLICT DO NOTHING;
INSERT INTO order_item (id, article_id, order_id, quantity) VALUES ('OII_4', 'AI_4', 'OI_2', 2) ON CONFLICT DO NOTHING;
INSERT INTO order_item (id, article_id, order_id, quantity) VALUES ('OII_5', 'AI_5', 'OI_3', 12) ON CONFLICT DO NOTHING;
INSERT INTO order_item (id, article_id, order_id, quantity) VALUES ('OII_6', 'AI_1', 'OI_4', 3) ON CONFLICT DO NOTHING;
INSERT INTO order_item (id, article_id, order_id, quantity) VALUES ('OII_7', 'AI_1', 'OI_5', 8) ON CONFLICT DO NOTHING;
INSERT INTO order_item (id, article_id, order_id, quantity) VALUES ('OII_8', 'AI_2', 'OI_5', 1) ON CONFLICT DO NOTHING;
INSERT INTO order_item (id, article_id, order_id, quantity) VALUES ('OII_9', 'AI_3', 'OI_5', 1) ON CONFLICT DO NOTHING;
INSERT INTO order_item (id, article_id, order_id, quantity) VALUES ('OII_10', 'AI_4', 'OI_5', 5) ON CONFLICT DO NOTHING;
INSERT INTO order_item (id, article_id, order_id, quantity) VALUES ('OII_11', 'AI_5', 'OI_5', 28) ON CONFLICT DO NOTHING;


INSERT INTO provider (id, name) VALUES ('PI_1', 'DHL') ON CONFLICT DO NOTHING;
INSERT INTO provider (id, name) VALUES ('PI_2', 'POST') ON CONFLICT DO NOTHING;

INSERT INTO cost (id, provider_id, pallet, km, price) VALUES ('CI_1', 'PI_1',1 ,30, 58.65) ON CONFLICT DO NOTHING;
INSERT INTO cost (id, provider_id, pallet, km, price) VALUES ('CI_2', 'PI_1',1 ,60, 67.00) ON CONFLICT DO NOTHING;
INSERT INTO cost (id, provider_id, pallet, km, price) VALUES ('CI_3', 'PI_1', 1, 90, 75.40) ON CONFLICT DO NOTHING;
INSERT INTO cost (id, provider_id, pallet, km, price) VALUES ('CI_4', 'PI_1', 1, 120, 83.75) ON CONFLICT DO NOTHING;
INSERT INTO cost (id, provider_id, pallet, km, price) VALUES ('CI_5', 'PI_1', 1, 150, 92.15) ON CONFLICT DO NOTHING;
INSERT INTO cost (id, provider_id, pallet, km, price) VALUES ('CI_6', 'PI_1', 1, 180, 100.55) ON CONFLICT DO NOTHING;
INSERT INTO cost (id, provider_id, pallet, km, price) VALUES ('CI_7', 'PI_1', 1, 210, 108.95) ON CONFLICT DO NOTHING;
INSERT INTO cost (id, provider_id, pallet, km, price) VALUES ('CI_8', 'PI_1', 1, 240, 117.30) ON CONFLICT DO NOTHING;
INSERT INTO cost (id, provider_id, pallet, km, price) VALUES ('CI_9', 'PI_1', 1, 270, 125.65) ON CONFLICT DO NOTHING;
INSERT INTO cost (id, provider_id, pallet, km, price) VALUES ('CI_10', 'PI_1', 1, 300, 134.05) ON CONFLICT DO NOTHING;
INSERT INTO cost (id, provider_id, pallet, km, price) VALUES ('CI_11', 'PI_1', 1, 330, 142.40) ON CONFLICT DO NOTHING;
INSERT INTO cost (id, provider_id, pallet, km, price) VALUES ('CI_12', 'PI_1', 1, 360, 150.75) ON CONFLICT DO NOTHING;
INSERT INTO cost (id, provider_id, pallet, km, price) VALUES ('CI_13', 'PI_1', 2, 30, 87.00) ON CONFLICT DO NOTHING;
INSERT INTO cost (id, provider_id, pallet, km, price) VALUES ('CI_14', 'PI_1', 2, 60, 99.40) ON CONFLICT DO NOTHING;
INSERT INTO cost (id, provider_id, pallet, km, price) VALUES ('CI_15', 'PI_1', 2, 90, 111.90) ON CONFLICT DO NOTHING;
INSERT INTO cost (id, provider_id, pallet, km, price) VALUES ('CI_16', 'PI_1', 2, 120, 124.30) ON CONFLICT DO NOTHING;
INSERT INTO cost (id, provider_id, pallet, km, price) VALUES ('CI_17', 'PI_1', 2, 150, 136.70) ON CONFLICT DO NOTHING;
INSERT INTO cost (id, provider_id, pallet, km, price) VALUES ('CI_18', 'PI_1', 2, 180, 149.20) ON CONFLICT DO NOTHING;
INSERT INTO cost (id, provider_id, pallet, km, price) VALUES ('CI_19', 'PI_1', 2, 210, 161.55) ON CONFLICT DO NOTHING;
INSERT INTO cost (id, provider_id, pallet, km, price) VALUES ('CI_20', 'PI_1', 2, 240, 174.05) ON CONFLICT DO NOTHING;
INSERT INTO cost (id, provider_id, pallet, km, price) VALUES ('CI_21', 'PI_1', 2, 270, 186.45) ON CONFLICT DO NOTHING;
INSERT INTO cost (id, provider_id, pallet, km, price) VALUES ('CI_22', 'PI_1', 2, 300, 198.85) ON CONFLICT DO NOTHING;
INSERT INTO cost (id, provider_id, pallet, km, price) VALUES ('CI_23', 'PI_1', 2, 330, 211.30) ON CONFLICT DO NOTHING;
INSERT INTO cost (id, provider_id, pallet, km, price) VALUES ('CI_24', 'PI_1', 2, 360, 223.80) ON CONFLICT DO NOTHING;
INSERT INTO cost (id, provider_id, pallet, km, price) VALUES ('CI_25', 'PI_1', 3, 30, 114.50) ON CONFLICT DO NOTHING;
INSERT INTO cost (id, provider_id, pallet, km, price) VALUES ('CI_26', 'PI_1', 3, 60, 130.85) ON CONFLICT DO NOTHING;
INSERT INTO cost (id, provider_id, pallet, km, price) VALUES ('CI_27', 'PI_1', 3, 90, 147.15) ON CONFLICT DO NOTHING;
INSERT INTO cost (id, provider_id, pallet, km, price) VALUES ('CI_28', 'PI_1', 3, 120, 163.50) ON CONFLICT DO NOTHING;
INSERT INTO cost (id, provider_id, pallet, km, price) VALUES ('CI_29', 'PI_1', 3, 150, 179.80) ON CONFLICT DO NOTHING;
INSERT INTO cost (id, provider_id, pallet, km, price) VALUES ('CI_30', 'PI_1', 3, 180, 196.15) ON CONFLICT DO NOTHING;
INSERT INTO cost (id, provider_id, pallet, km, price) VALUES ('CI_31', 'PI_1', 3, 210, 212.50) ON CONFLICT DO NOTHING;
INSERT INTO cost (id, provider_id, pallet, km, price) VALUES ('CI_32', 'PI_1', 3, 240, 228.90) ON CONFLICT DO NOTHING;
INSERT INTO cost (id, provider_id, pallet, km, price) VALUES ('CI_33', 'PI_1', 3, 270, 245.30) ON CONFLICT DO NOTHING;
INSERT INTO cost (id, provider_id, pallet, km, price) VALUES ('CI_34', 'PI_1', 3, 300, 261.60) ON CONFLICT DO NOTHING;
INSERT INTO cost (id, provider_id, pallet, km, price) VALUES ('CI_35', 'PI_1', 3, 330, 277.95) ON CONFLICT DO NOTHING;
INSERT INTO cost (id, provider_id, pallet, km, price) VALUES ('CI_36', 'PI_1', 3, 360, 294.30) ON CONFLICT DO NOTHING;
INSERT INTO cost (id, provider_id, pallet, km, price) VALUES ('CI_37', 'PI_1', 4, 30, 137.10) ON CONFLICT DO NOTHING;
INSERT INTO cost (id, provider_id, pallet, km, price) VALUES ('CI_38', 'PI_1', 4, 60, 156.75) ON CONFLICT DO NOTHING;
INSERT INTO cost (id, provider_id, pallet, km, price) VALUES ('CI_39', 'PI_1', 4, 90, 176.35) ON CONFLICT DO NOTHING;
INSERT INTO cost (id, provider_id, pallet, km, price) VALUES ('CI_40', 'PI_1', 4, 120, 195.90) ON CONFLICT DO NOTHING;
INSERT INTO cost (id, provider_id, pallet, km, price) VALUES ('CI_41', 'PI_1', 4, 150, 215.50) ON CONFLICT DO NOTHING;
INSERT INTO cost (id, provider_id, pallet, km, price) VALUES ('CI_42', 'PI_1', 4, 180, 235.15) ON CONFLICT DO NOTHING;
INSERT INTO cost (id, provider_id, pallet, km, price) VALUES ('CI_43', 'PI_1', 4, 210, 253.90) ON CONFLICT DO NOTHING;
INSERT INTO cost (id, provider_id, pallet, km, price) VALUES ('CI_44', 'PI_1', 4, 240, 274.25) ON CONFLICT DO NOTHING;
INSERT INTO cost (id, provider_id, pallet, km, price) VALUES ('CI_45', 'PI_1', 4, 270, 293.90) ON CONFLICT DO NOTHING;
INSERT INTO cost (id, provider_id, pallet, km, price) VALUES ('CI_46', 'PI_1', 4, 300, 313.45) ON CONFLICT DO NOTHING;
INSERT INTO cost (id, provider_id, pallet, km, price) VALUES ('CI_47', 'PI_1', 4, 330, 332.95) ON CONFLICT DO NOTHING;
INSERT INTO cost (id, provider_id, pallet, km, price) VALUES ('CI_48', 'PI_1', 4, 360, 352.65) ON CONFLICT DO NOTHING;
INSERT INTO cost (id, provider_id, pallet, km, price) VALUES ('CI_49', 'PI_1', 5, 30, 160.80) ON CONFLICT DO NOTHING;
INSERT INTO cost (id, provider_id, pallet, km, price) VALUES ('CI_50', 'PI_1', 5, 60, 183.80) ON CONFLICT DO NOTHING;
INSERT INTO cost (id, provider_id, pallet, km, price) VALUES ('CI_51', 'PI_1', 5, 90, 206.65) ON CONFLICT DO NOTHING;
INSERT INTO cost (id, provider_id, pallet, km, price) VALUES ('CI_52', 'PI_1', 5, 120, 229.70) ON CONFLICT DO NOTHING;
INSERT INTO cost (id, provider_id, pallet, km, price) VALUES ('CI_53', 'PI_1', 5, 150, 252.60) ON CONFLICT DO NOTHING;
INSERT INTO cost (id, provider_id, pallet, km, price) VALUES ('CI_54', 'PI_1', 5, 180, 275.60) ON CONFLICT DO NOTHING;
INSERT INTO cost (id, provider_id, pallet, km, price) VALUES ('CI_55', 'PI_1', 5, 210, 298.60) ON CONFLICT DO NOTHING;
INSERT INTO cost (id, provider_id, pallet, km, price) VALUES ('CI_56', 'PI_1', 5, 240, 321.55) ON CONFLICT DO NOTHING;
INSERT INTO cost (id, provider_id, pallet, km, price) VALUES ('CI_57', 'PI_1', 5, 270, 344.55) ON CONFLICT DO NOTHING;
INSERT INTO cost (id, provider_id, pallet, km, price) VALUES ('CI_58', 'PI_1', 5, 300, 367.50) ON CONFLICT DO NOTHING;
INSERT INTO cost (id, provider_id, pallet, km, price) VALUES ('CI_59', 'PI_1', 5, 330, 390.45) ON CONFLICT DO NOTHING;
INSERT INTO cost (id, provider_id, pallet, km, price) VALUES ('CI_60', 'PI_1', 5, 360, 413.45) ON CONFLICT DO NOTHING;
INSERT INTO cost (id, provider_id, pallet, km, price) VALUES ('CI_61', 'PI_1', 6, 30, 181.65) ON CONFLICT DO NOTHING;
INSERT INTO cost (id, provider_id, pallet, km, price) VALUES ('CI_62', 'PI_1', 6, 60, 207.55) ON CONFLICT DO NOTHING;
INSERT INTO cost (id, provider_id, pallet, km, price) VALUES ('CI_63', 'PI_1', 6, 90, 233.50) ON CONFLICT DO NOTHING;
INSERT INTO cost (id, provider_id, pallet, km, price) VALUES ('CI_64', 'PI_1', 6, 120, 259.45) ON CONFLICT DO NOTHING;
INSERT INTO cost (id, provider_id, pallet, km, price) VALUES ('CI_65', 'PI_1', 6, 150, 285.30) ON CONFLICT DO NOTHING;
INSERT INTO cost (id, provider_id, pallet, km, price) VALUES ('CI_66', 'PI_1', 6, 180, 311.25) ON CONFLICT DO NOTHING;
INSERT INTO cost (id, provider_id, pallet, km, price) VALUES ('CI_67', 'PI_1', 6, 210, 337.15) ON CONFLICT DO NOTHING;
INSERT INTO cost (id, provider_id, pallet, km, price) VALUES ('CI_68', 'PI_1', 6, 240, 363.15) ON CONFLICT DO NOTHING;
INSERT INTO cost (id, provider_id, pallet, km, price) VALUES ('CI_69', 'PI_1', 6, 270, 389.10) ON CONFLICT DO NOTHING;
INSERT INTO cost (id, provider_id, pallet, km, price) VALUES ('CI_70', 'PI_1', 6, 300, 415.00) ON CONFLICT DO NOTHING;
INSERT INTO cost (id, provider_id, pallet, km, price) VALUES ('CI_71', 'PI_1', 6, 330, 441.05) ON CONFLICT DO NOTHING;
INSERT INTO cost (id, provider_id, pallet, km, price) VALUES ('CI_72', 'PI_1', 6, 360, 466.90) ON CONFLICT DO NOTHING;
INSERT INTO cost (id, provider_id, pallet, km, price) VALUES ('CI_73', 'PI_1', 7, 30, 201.45) ON CONFLICT DO NOTHING;
INSERT INTO cost (id, provider_id, pallet, km, price) VALUES ('CI_74', 'PI_1', 7, 60, 230.25) ON CONFLICT DO NOTHING;
INSERT INTO cost (id, provider_id, pallet, km, price) VALUES ('CI_75', 'PI_1', 7, 90, 259.00) ON CONFLICT DO NOTHING;
INSERT INTO cost (id, provider_id, pallet, km, price) VALUES ('CI_76', 'PI_1', 7, 120, 287.70) ON CONFLICT DO NOTHING;
INSERT INTO cost (id, provider_id, pallet, km, price) VALUES ('CI_77', 'PI_1', 7, 150, 316.50) ON CONFLICT DO NOTHING;
INSERT INTO cost (id, provider_id, pallet, km, price) VALUES ('CI_78', 'PI_1', 7, 180, 345.35) ON CONFLICT DO NOTHING;
INSERT INTO cost (id, provider_id, pallet, km, price) VALUES ('CI_79', 'PI_1', 7, 210, 374.15) ON CONFLICT DO NOTHING;
INSERT INTO cost (id, provider_id, pallet, km, price) VALUES ('CI_80', 'PI_1', 7, 240, 402.90) ON CONFLICT DO NOTHING;
INSERT INTO cost (id, provider_id, pallet, km, price) VALUES ('CI_81', 'PI_1', 7, 270, 431.70) ON CONFLICT DO NOTHING;
INSERT INTO cost (id, provider_id, pallet, km, price) VALUES ('CI_82', 'PI_1', 7, 300, 460.45) ON CONFLICT DO NOTHING;
INSERT INTO cost (id, provider_id, pallet, km, price) VALUES ('CI_83', 'PI_1', 7, 330, 489.20) ON CONFLICT DO NOTHING;
INSERT INTO cost (id, provider_id, pallet, km, price) VALUES ('CI_84', 'PI_1', 7, 360, 518.00) ON CONFLICT DO NOTHING;
INSERT INTO cost (id, provider_id, pallet, km, price) VALUES ('CI_85', 'PI_1', 8, 30, 220.30) ON CONFLICT DO NOTHING;
INSERT INTO cost (id, provider_id, pallet, km, price) VALUES ('CI_86', 'PI_1', 8, 60, 251.85) ON CONFLICT DO NOTHING;
INSERT INTO cost (id, provider_id, pallet, km, price) VALUES ('CI_87', 'PI_1', 8, 90, 283.35) ON CONFLICT DO NOTHING;
INSERT INTO cost (id, provider_id, pallet, km, price) VALUES ('CI_88', 'PI_1', 8, 120, 314.85) ON CONFLICT DO NOTHING;
INSERT INTO cost (id, provider_id, pallet, km, price) VALUES ('CI_89', 'PI_1', 8, 150, 346.30) ON CONFLICT DO NOTHING;
INSERT INTO cost (id, provider_id, pallet, km, price) VALUES ('CI_90', 'PI_1', 8, 180, 377.75) ON CONFLICT DO NOTHING;
INSERT INTO cost (id, provider_id, pallet, km, price) VALUES ('CI_91', 'PI_1', 8, 210, 409.30) ON CONFLICT DO NOTHING;
INSERT INTO cost (id, provider_id, pallet, km, price) VALUES ('CI_92', 'PI_1', 8, 240, 440.75) ON CONFLICT DO NOTHING;
INSERT INTO cost (id, provider_id, pallet, km, price) VALUES ('CI_93', 'PI_1', 8, 270, 472.20) ON CONFLICT DO NOTHING;
INSERT INTO cost (id, provider_id, pallet, km, price) VALUES ('CI_94', 'PI_1', 8, 300, 503.70) ON CONFLICT DO NOTHING;
INSERT INTO cost (id, provider_id, pallet, km, price) VALUES ('CI_95', 'PI_1', 8, 330, 535.20) ON CONFLICT DO NOTHING;
INSERT INTO cost (id, provider_id, pallet, km, price) VALUES ('CI_96', 'PI_1', 8, 360, 566.70) ON CONFLICT DO NOTHING;
INSERT INTO cost (id, provider_id, pallet, km, price) VALUES ('CI_97', 'PI_1', 9, 30, 238.35) ON CONFLICT DO NOTHING;
INSERT INTO cost (id, provider_id, pallet, km, price) VALUES ('CI_98', 'PI_1', 9, 60, 272.40) ON CONFLICT DO NOTHING;
INSERT INTO cost (id, provider_id, pallet, km, price) VALUES ('CI_99', 'PI_1', 9, 90, 306.45) ON CONFLICT DO NOTHING;
INSERT INTO cost (id, provider_id, pallet, km, price) VALUES ('CI_100', 'PI_1', 9, 120, 340.50) ON CONFLICT DO NOTHING;
INSERT INTO cost (id, provider_id, pallet, km, price) VALUES ('CI_101', 'PI_1', 9, 150, 374.50) ON CONFLICT DO NOTHING;
INSERT INTO cost (id, provider_id, pallet, km, price) VALUES ('CI_102', 'PI_1', 9, 180, 408.60) ON CONFLICT DO NOTHING;
INSERT INTO cost (id, provider_id, pallet, km, price) VALUES ('CI_103', 'PI_1', 9, 210, 442.60) ON CONFLICT DO NOTHING;
INSERT INTO cost (id, provider_id, pallet, km, price) VALUES ('CI_104', 'PI_1', 9, 240, 476.70) ON CONFLICT DO NOTHING;
INSERT INTO cost (id, provider_id, pallet, km, price) VALUES ('CI_105', 'PI_1', 9, 270, 510.75) ON CONFLICT DO NOTHING;
INSERT INTO cost (id, provider_id, pallet, km, price) VALUES ('CI_106', 'PI_1', 9, 300, 544.70) ON CONFLICT DO NOTHING;
INSERT INTO cost (id, provider_id, pallet, km, price) VALUES ('CI_107', 'PI_1', 9, 330, 578.85) ON CONFLICT DO NOTHING;
INSERT INTO cost (id, provider_id, pallet, km, price) VALUES ('CI_108', 'PI_1', 9, 360, 612.85) ON CONFLICT DO NOTHING;
INSERT INTO cost (id, provider_id, pallet, km, price) VALUES ('CI_109', 'PI_1', 10, 30, 255.35) ON CONFLICT DO NOTHING;
INSERT INTO cost (id, provider_id, pallet, km, price) VALUES ('CI_110', 'PI_1', 10, 60, 291.90) ON CONFLICT DO NOTHING;
INSERT INTO cost (id, provider_id, pallet, km, price) VALUES ('CI_111', 'PI_1', 10, 90, 328.40) ON CONFLICT DO NOTHING;
INSERT INTO cost (id, provider_id, pallet, km, price) VALUES ('CI_112', 'PI_1', 10, 120, 364.75) ON CONFLICT DO NOTHING;
INSERT INTO cost (id, provider_id, pallet, km, price) VALUES ('CI_113', 'PI_1', 10, 150, 401.25) ON CONFLICT DO NOTHING;
INSERT INTO cost (id, provider_id, pallet, km, price) VALUES ('CI_114', 'PI_1', 10, 180, 437.75) ON CONFLICT DO NOTHING;
INSERT INTO cost (id, provider_id, pallet, km, price) VALUES ('CI_115', 'PI_1', 10, 210, 474.25) ON CONFLICT DO NOTHING;
INSERT INTO cost (id, provider_id, pallet, km, price) VALUES ('CI_116', 'PI_1', 10, 240, 510.75) ON CONFLICT DO NOTHING;
INSERT INTO cost (id, provider_id, pallet, km, price) VALUES ('CI_117', 'PI_1', 10, 270, 547.20) ON CONFLICT DO NOTHING;
INSERT INTO cost (id, provider_id, pallet, km, price) VALUES ('CI_118', 'PI_1', 10, 300, 583.65) ON CONFLICT DO NOTHING;
INSERT INTO cost (id, provider_id, pallet, km, price) VALUES ('CI_119', 'PI_1', 10, 330, 620.15) ON CONFLICT DO NOTHING;
INSERT INTO cost (id, provider_id, pallet, km, price) VALUES ('CI_120', 'PI_1', 10, 360, 656.65) ON CONFLICT DO NOTHING;
INSERT INTO cost (id, provider_id, pallet, km, price) VALUES ('CI_121', 'PI_1', 11, 30, 271.45) ON CONFLICT DO NOTHING;
INSERT INTO cost (id, provider_id, pallet, km, price) VALUES ('CI_122', 'PI_1', 11, 60, 310.25) ON CONFLICT DO NOTHING;
INSERT INTO cost (id, provider_id, pallet, km, price) VALUES ('CI_123', 'PI_1', 11, 90, 348.96) ON CONFLICT DO NOTHING;
INSERT INTO cost (id, provider_id, pallet, km, price) VALUES ('CI_124', 'PI_1', 11, 120, 387.80) ON CONFLICT DO NOTHING;
INSERT INTO cost (id, provider_id, pallet, km, price) VALUES ('CI_125', 'PI_1', 11, 150, 426.50) ON CONFLICT DO NOTHING;
INSERT INTO cost (id, provider_id, pallet, km, price) VALUES ('CI_126', 'PI_1', 11, 180, 465.35) ON CONFLICT DO NOTHING;
INSERT INTO cost (id, provider_id, pallet, km, price) VALUES ('CI_127', 'PI_1', 11, 210, 504.05) ON CONFLICT DO NOTHING;
INSERT INTO cost (id, provider_id, pallet, km, price) VALUES ('CI_128', 'PI_1', 11, 240, 542.90) ON CONFLICT DO NOTHING;
INSERT INTO cost (id, provider_id, pallet, km, price) VALUES ('CI_129', 'PI_1', 11, 270, 581.60) ON CONFLICT DO NOTHING;
INSERT INTO cost (id, provider_id, pallet, km, price) VALUES ('CI_130', 'PI_1', 11, 300, 620.35) ON CONFLICT DO NOTHING;
INSERT INTO cost (id, provider_id, pallet, km, price) VALUES ('CI_131', 'PI_1', 11, 330, 659.20) ON CONFLICT DO NOTHING;
INSERT INTO cost (id, provider_id, pallet, km, price) VALUES ('CI_132', 'PI_1', 11, 360, 697.95) ON CONFLICT DO NOTHING;
INSERT INTO cost (id, provider_id, pallet, km, price) VALUES ('CI_133', 'PI_1', 12, 30, 286.55) ON CONFLICT DO NOTHING;
INSERT INTO cost (id, provider_id, pallet, km, price) VALUES ('CI_134', 'PI_1', 12, 60, 327.50) ON CONFLICT DO NOTHING;
INSERT INTO cost (id, provider_id, pallet, km, price) VALUES ('CI_135', 'PI_1', 12, 90, 368.40) ON CONFLICT DO NOTHING;
INSERT INTO cost (id, provider_id, pallet, km, price) VALUES ('CI_136', 'PI_1', 12, 120, 409.40) ON CONFLICT DO NOTHING;
INSERT INTO cost (id, provider_id, pallet, km, price) VALUES ('CI_137', 'PI_1', 12, 150, 450.35) ON CONFLICT DO NOTHING;
INSERT INTO cost (id, provider_id, pallet, km, price) VALUES ('CI_138', 'PI_1', 12, 180, 491.25) ON CONFLICT DO NOTHING;
INSERT INTO cost (id, provider_id, pallet, km, price) VALUES ('CI_139', 'PI_1', 12, 210, 532.15) ON CONFLICT DO NOTHING;
INSERT INTO cost (id, provider_id, pallet, km, price) VALUES ('CI_140', 'PI_1', 12, 240, 573.15) ON CONFLICT DO NOTHING;
INSERT INTO cost (id, provider_id, pallet, km, price) VALUES ('CI_141', 'PI_1', 12, 270, 614.05) ON CONFLICT DO NOTHING;
INSERT INTO cost (id, provider_id, pallet, km, price) VALUES ('CI_142', 'PI_1', 12, 300, 655.05) ON CONFLICT DO NOTHING;
INSERT INTO cost (id, provider_id, pallet, km, price) VALUES ('CI_143', 'PI_1', 12, 330, 695.95) ON CONFLICT DO NOTHING;
INSERT INTO cost (id, provider_id, pallet, km, price) VALUES ('CI_144', 'PI_1', 12, 360, 736.90) ON CONFLICT DO NOTHING;

INSERT INTO cost (id, provider_id, pallet, km, price) VALUES ('CI_145', 'PI_2',1 ,30, 52.79) ON CONFLICT DO NOTHING;
INSERT INTO cost (id, provider_id, pallet, km, price) VALUES ('CI_146', 'PI_2',1 ,60, 60.3) ON CONFLICT DO NOTHING;
INSERT INTO cost (id, provider_id, pallet, km, price) VALUES ('CI_147', 'PI_2', 1, 90, 67.86) ON CONFLICT DO NOTHING;
INSERT INTO cost (id, provider_id, pallet, km, price) VALUES ('CI_148', 'PI_2', 1, 120, 75.38) ON CONFLICT DO NOTHING;
INSERT INTO cost (id, provider_id, pallet, km, price) VALUES ('CI_149', 'PI_2', 1, 150, 82.94) ON CONFLICT DO NOTHING;
INSERT INTO cost (id, provider_id, pallet, km, price) VALUES ('CI_150', 'PI_2', 1, 180, 90.49) ON CONFLICT DO NOTHING;
INSERT INTO cost (id, provider_id, pallet, km, price) VALUES ('CI_151', 'PI_2', 1, 210, 98.06) ON CONFLICT DO NOTHING;
INSERT INTO cost (id, provider_id, pallet, km, price) VALUES ('CI_152', 'PI_2', 1, 240, 105.57) ON CONFLICT DO NOTHING;
INSERT INTO cost (id, provider_id, pallet, km, price) VALUES ('CI_153', 'PI_2', 1, 270, 113.09) ON CONFLICT DO NOTHING;
INSERT INTO cost (id, provider_id, pallet, km, price) VALUES ('CI_154', 'PI_2', 1, 300, 120.65) ON CONFLICT DO NOTHING;
INSERT INTO cost (id, provider_id, pallet, km, price) VALUES ('CI_155', 'PI_2', 1, 330, 128.16) ON CONFLICT DO NOTHING;
INSERT INTO cost (id, provider_id, pallet, km, price) VALUES ('CI_156', 'PI_2', 1, 360, 135.68) ON CONFLICT DO NOTHING;
INSERT INTO cost (id, provider_id, pallet, km, price) VALUES ('CI_157', 'PI_2', 2, 30, 78.3) ON CONFLICT DO NOTHING;
INSERT INTO cost (id, provider_id, pallet, km, price) VALUES ('CI_158', 'PI_2', 2, 60, 89.46) ON CONFLICT DO NOTHING;
INSERT INTO cost (id, provider_id, pallet, km, price) VALUES ('CI_159', 'PI_2', 2, 90, 100.71) ON CONFLICT DO NOTHING;
INSERT INTO cost (id, provider_id, pallet, km, price) VALUES ('CI_160', 'PI_2', 2, 120, 111.87) ON CONFLICT DO NOTHING;
INSERT INTO cost (id, provider_id, pallet, km, price) VALUES ('CI_161', 'PI_2', 2, 150, 123.03) ON CONFLICT DO NOTHING;
INSERT INTO cost (id, provider_id, pallet, km, price) VALUES ('CI_162', 'PI_2', 2, 180, 134.28) ON CONFLICT DO NOTHING;
INSERT INTO cost (id, provider_id, pallet, km, price) VALUES ('CI_163', 'PI_2', 2, 210, 145.4) ON CONFLICT DO NOTHING;
INSERT INTO cost (id, provider_id, pallet, km, price) VALUES ('CI_164', 'PI_2', 2, 240, 156.65) ON CONFLICT DO NOTHING;
INSERT INTO cost (id, provider_id, pallet, km, price) VALUES ('CI_165', 'PI_2', 2, 270, 167.81) ON CONFLICT DO NOTHING;
INSERT INTO cost (id, provider_id, pallet, km, price) VALUES ('CI_166', 'PI_2', 2, 300, 178.96) ON CONFLICT DO NOTHING;
INSERT INTO cost (id, provider_id, pallet, km, price) VALUES ('CI_167', 'PI_2', 2, 330, 190.17) ON CONFLICT DO NOTHING;
INSERT INTO cost (id, provider_id, pallet, km, price) VALUES ('CI_168', 'PI_2', 2, 360, 201.42) ON CONFLICT DO NOTHING;
INSERT INTO cost (id, provider_id, pallet, km, price) VALUES ('CI_169', 'PI_2', 3, 30, 103.05) ON CONFLICT DO NOTHING;
INSERT INTO cost (id, provider_id, pallet, km, price) VALUES ('CI_170', 'PI_2', 3, 60, 117.76) ON CONFLICT DO NOTHING;
INSERT INTO cost (id, provider_id, pallet, km, price) VALUES ('CI_171', 'PI_2', 3, 90, 132.44) ON CONFLICT DO NOTHING;
INSERT INTO cost (id, provider_id, pallet, km, price) VALUES ('CI_172', 'PI_2', 3, 120, 147.15) ON CONFLICT DO NOTHING;
INSERT INTO cost (id, provider_id, pallet, km, price) VALUES ('CI_173', 'PI_2', 3, 150, 161.82) ON CONFLICT DO NOTHING;
INSERT INTO cost (id, provider_id, pallet, km, price) VALUES ('CI_174', 'PI_2', 3, 180, 176.54) ON CONFLICT DO NOTHING;
INSERT INTO cost (id, provider_id, pallet, km, price) VALUES ('CI_175', 'PI_2', 3, 210, 191.25) ON CONFLICT DO NOTHING;
INSERT INTO cost (id, provider_id, pallet, km, price) VALUES ('CI_176', 'PI_2', 3, 240, 206.01) ON CONFLICT DO NOTHING;
INSERT INTO cost (id, provider_id, pallet, km, price) VALUES ('CI_177', 'PI_2', 3, 270, 220.77) ON CONFLICT DO NOTHING;
INSERT INTO cost (id, provider_id, pallet, km, price) VALUES ('CI_178', 'PI_2', 3, 300, 235.44) ON CONFLICT DO NOTHING;
INSERT INTO cost (id, provider_id, pallet, km, price) VALUES ('CI_179', 'PI_2', 3, 330, 250.15) ON CONFLICT DO NOTHING;
INSERT INTO cost (id, provider_id, pallet, km, price) VALUES ('CI_180', 'PI_2', 3, 360, 264.87) ON CONFLICT DO NOTHING;
INSERT INTO cost (id, provider_id, pallet, km, price) VALUES ('CI_181', 'PI_2', 4, 30, 123.39) ON CONFLICT DO NOTHING;
INSERT INTO cost (id, provider_id, pallet, km, price) VALUES ('CI_182', 'PI_2', 4, 60, 141.07) ON CONFLICT DO NOTHING;
INSERT INTO cost (id, provider_id, pallet, km, price) VALUES ('CI_183', 'PI_2', 4, 90, 158.71) ON CONFLICT DO NOTHING;
INSERT INTO cost (id, provider_id, pallet, km, price) VALUES ('CI_184', 'PI_2', 4, 120, 176.31) ON CONFLICT DO NOTHING;
INSERT INTO cost (id, provider_id, pallet, km, price) VALUES ('CI_185', 'PI_2', 4, 150, 193.95) ON CONFLICT DO NOTHING;
INSERT INTO cost (id, provider_id, pallet, km, price) VALUES ('CI_186', 'PI_2', 4, 180, 211.63) ON CONFLICT DO NOTHING;
INSERT INTO cost (id, provider_id, pallet, km, price) VALUES ('CI_187', 'PI_2', 4, 210, 228.51) ON CONFLICT DO NOTHING;
INSERT INTO cost (id, provider_id, pallet, km, price) VALUES ('CI_188', 'PI_2', 4, 240, 246.82) ON CONFLICT DO NOTHING;
INSERT INTO cost (id, provider_id, pallet, km, price) VALUES ('CI_189', 'PI_2', 4, 270, 264.51) ON CONFLICT DO NOTHING;
INSERT INTO cost (id, provider_id, pallet, km, price) VALUES ('CI_190', 'PI_2', 4, 300, 282.1) ON CONFLICT DO NOTHING;
INSERT INTO cost (id, provider_id, pallet, km, price) VALUES ('CI_191', 'PI_2', 4, 330, 299.65) ON CONFLICT DO NOTHING;
INSERT INTO cost (id, provider_id, pallet, km, price) VALUES ('CI_192', 'PI_2', 4, 360, 317.38) ON CONFLICT DO NOTHING;
INSERT INTO cost (id, provider_id, pallet, km, price) VALUES ('CI_193', 'PI_2', 5, 30, 144.72) ON CONFLICT DO NOTHING;
INSERT INTO cost (id, provider_id, pallet, km, price) VALUES ('CI_194', 'PI_2', 5, 60, 165.42) ON CONFLICT DO NOTHING;
INSERT INTO cost (id, provider_id, pallet, km, price) VALUES ('CI_195', 'PI_2', 5, 90, 185.99) ON CONFLICT DO NOTHING;
INSERT INTO cost (id, provider_id, pallet, km, price) VALUES ('CI_196', 'PI_2', 5, 120, 206.73) ON CONFLICT DO NOTHING;
INSERT INTO cost (id, provider_id, pallet, km, price) VALUES ('CI_197', 'PI_2', 5, 150, 227.34) ON CONFLICT DO NOTHING;
INSERT INTO cost (id, provider_id, pallet, km, price) VALUES ('CI_198', 'PI_2', 5, 180, 248.04) ON CONFLICT DO NOTHING;
INSERT INTO cost (id, provider_id, pallet, km, price) VALUES ('CI_199', 'PI_2', 5, 210, 268.74) ON CONFLICT DO NOTHING;
INSERT INTO cost (id, provider_id, pallet, km, price) VALUES ('CI_200', 'PI_2', 5, 240, 289.4) ON CONFLICT DO NOTHING;
INSERT INTO cost (id, provider_id, pallet, km, price) VALUES ('CI_201', 'PI_2', 5, 270, 310.1) ON CONFLICT DO NOTHING;
INSERT INTO cost (id, provider_id, pallet, km, price) VALUES ('CI_202', 'PI_2', 5, 300, 330.75) ON CONFLICT DO NOTHING;
INSERT INTO cost (id, provider_id, pallet, km, price) VALUES ('CI_203', 'PI_2', 5, 330, 351.4) ON CONFLICT DO NOTHING;
INSERT INTO cost (id, provider_id, pallet, km, price) VALUES ('CI_204', 'PI_2', 5, 360, 372.1) ON CONFLICT DO NOTHING;
INSERT INTO cost (id, provider_id, pallet, km, price) VALUES ('CI_205', 'PI_2', 6, 30, 163.49) ON CONFLICT DO NOTHING;
INSERT INTO cost (id, provider_id, pallet, km, price) VALUES ('CI_206', 'PI_2', 6, 60, 186.8) ON CONFLICT DO NOTHING;
INSERT INTO cost (id, provider_id, pallet, km, price) VALUES ('CI_207', 'PI_2', 6, 90, 210.15) ON CONFLICT DO NOTHING;
INSERT INTO cost (id, provider_id, pallet, km, price) VALUES ('CI_208', 'PI_2', 6, 120, 233.5) ON CONFLICT DO NOTHING;
INSERT INTO cost (id, provider_id, pallet, km, price) VALUES ('CI_209', 'PI_2', 6, 150, 256.77) ON CONFLICT DO NOTHING;
INSERT INTO cost (id, provider_id, pallet, km, price) VALUES ('CI_210', 'PI_2', 6, 180, 280.12) ON CONFLICT DO NOTHING;
INSERT INTO cost (id, provider_id, pallet, km, price) VALUES ('CI_211', 'PI_2', 6, 210, 303.44) ON CONFLICT DO NOTHING;
INSERT INTO cost (id, provider_id, pallet, km, price) VALUES ('CI_212', 'PI_2', 6, 240, 326.83) ON CONFLICT DO NOTHING;
INSERT INTO cost (id, provider_id, pallet, km, price) VALUES ('CI_213', 'PI_2', 6, 270, 350.19) ON CONFLICT DO NOTHING;
INSERT INTO cost (id, provider_id, pallet, km, price) VALUES ('CI_214', 'PI_2', 6, 300, 373.5) ON CONFLICT DO NOTHING;
INSERT INTO cost (id, provider_id, pallet, km, price) VALUES ('CI_215', 'PI_2', 6, 330, 396.95) ON CONFLICT DO NOTHING;
INSERT INTO cost (id, provider_id, pallet, km, price) VALUES ('CI_216', 'PI_2', 6, 360, 420.21) ON CONFLICT DO NOTHING;
INSERT INTO cost (id, provider_id, pallet, km, price) VALUES ('CI_217', 'PI_2', 7, 30, 181.31) ON CONFLICT DO NOTHING;
INSERT INTO cost (id, provider_id, pallet, km, price) VALUES ('CI_218', 'PI_2', 7, 60, 207.22) ON CONFLICT DO NOTHING;
INSERT INTO cost (id, provider_id, pallet, km, price) VALUES ('CI_219', 'PI_2', 7, 90, 233.1) ON CONFLICT DO NOTHING;
INSERT INTO cost (id, provider_id, pallet, km, price) VALUES ('CI_220', 'PI_2', 7, 120, 258.93) ON CONFLICT DO NOTHING;
INSERT INTO cost (id, provider_id, pallet, km, price) VALUES ('CI_221', 'PI_2', 7, 150, 284.85) ON CONFLICT DO NOTHING;
INSERT INTO cost (id, provider_id, pallet, km, price) VALUES ('CI_222', 'PI_2', 7, 180, 310.81) ON CONFLICT DO NOTHING;
INSERT INTO cost (id, provider_id, pallet, km, price) VALUES ('CI_223', 'PI_2', 7, 210, 336.74) ON CONFLICT DO NOTHING;
INSERT INTO cost (id, provider_id, pallet, km, price) VALUES ('CI_224', 'PI_2', 7, 240, 362.61) ON CONFLICT DO NOTHING;
INSERT INTO cost (id, provider_id, pallet, km, price) VALUES ('CI_225', 'PI_2', 7, 270, 388.53) ON CONFLICT DO NOTHING;
INSERT INTO cost (id, provider_id, pallet, km, price) VALUES ('CI_226', 'PI_2', 7, 300, 414.41) ON CONFLICT DO NOTHING;
INSERT INTO cost (id, provider_id, pallet, km, price) VALUES ('CI_227', 'PI_2', 7, 330, 440.28) ON CONFLICT DO NOTHING;
INSERT INTO cost (id, provider_id, pallet, km, price) VALUES ('CI_228', 'PI_2', 7, 360, 466.2) ON CONFLICT DO NOTHING;
INSERT INTO cost (id, provider_id, pallet, km, price) VALUES ('CI_229', 'PI_2', 8, 30, 198.27) ON CONFLICT DO NOTHING;
INSERT INTO cost (id, provider_id, pallet, km, price) VALUES ('CI_230', 'PI_2', 8, 60, 226.67) ON CONFLICT DO NOTHING;
INSERT INTO cost (id, provider_id, pallet, km, price) VALUES ('CI_231', 'PI_2', 8, 90, 255.02) ON CONFLICT DO NOTHING;
INSERT INTO cost (id, provider_id, pallet, km, price) VALUES ('CI_232', 'PI_2', 8, 120, 283.37) ON CONFLICT DO NOTHING;
INSERT INTO cost (id, provider_id, pallet, km, price) VALUES ('CI_233', 'PI_2', 8, 150, 311.67) ON CONFLICT DO NOTHING;
INSERT INTO cost (id, provider_id, pallet, km, price) VALUES ('CI_234', 'PI_2', 8, 180, 339.98) ON CONFLICT DO NOTHING;
INSERT INTO cost (id, provider_id, pallet, km, price) VALUES ('CI_235', 'PI_2', 8, 210, 368.37) ON CONFLICT DO NOTHING;
INSERT INTO cost (id, provider_id, pallet, km, price) VALUES ('CI_236', 'PI_2', 8, 240, 396.68) ON CONFLICT DO NOTHING;
INSERT INTO cost (id, provider_id, pallet, km, price) VALUES ('CI_237', 'PI_2', 8, 270, 424.98) ON CONFLICT DO NOTHING;
INSERT INTO cost (id, provider_id, pallet, km, price) VALUES ('CI_238', 'PI_2', 8, 300, 453.33) ON CONFLICT DO NOTHING;
INSERT INTO cost (id, provider_id, pallet, km, price) VALUES ('CI_239', 'PI_2', 8, 330, 481.68) ON CONFLICT DO NOTHING;
INSERT INTO cost (id, provider_id, pallet, km, price) VALUES ('CI_240', 'PI_2', 8, 360, 510.03) ON CONFLICT DO NOTHING;
INSERT INTO cost (id, provider_id, pallet, km, price) VALUES ('CI_241', 'PI_2', 9, 30, 214.52) ON CONFLICT DO NOTHING;
INSERT INTO cost (id, provider_id, pallet, km, price) VALUES ('CI_242', 'PI_2', 9, 60, 245.16) ON CONFLICT DO NOTHING;
INSERT INTO cost (id, provider_id, pallet, km, price) VALUES ('CI_243', 'PI_2', 9, 90, 275.8) ON CONFLICT DO NOTHING;
INSERT INTO cost (id, provider_id, pallet, km, price) VALUES ('CI_244', 'PI_2', 9, 120, 306.45) ON CONFLICT DO NOTHING;
INSERT INTO cost (id, provider_id, pallet, km, price) VALUES ('CI_245', 'PI_2', 9, 150, 337.05) ON CONFLICT DO NOTHING;
INSERT INTO cost (id, provider_id, pallet, km, price) VALUES ('CI_246', 'PI_2', 9, 180, 367.74) ON CONFLICT DO NOTHING;
INSERT INTO cost (id, provider_id, pallet, km, price) VALUES ('CI_247', 'PI_2', 9, 210, 398.34) ON CONFLICT DO NOTHING;
INSERT INTO cost (id, provider_id, pallet, km, price) VALUES ('CI_248', 'PI_2', 9, 240, 429.03) ON CONFLICT DO NOTHING;
INSERT INTO cost (id, provider_id, pallet, km, price) VALUES ('CI_249', 'PI_2', 9, 270, 459.68) ON CONFLICT DO NOTHING;
INSERT INTO cost (id, provider_id, pallet, km, price) VALUES ('CI_250', 'PI_2', 9, 300, 490.23) ON CONFLICT DO NOTHING;
INSERT INTO cost (id, provider_id, pallet, km, price) VALUES ('CI_251', 'PI_2', 9, 330, 520.97) ON CONFLICT DO NOTHING;
INSERT INTO cost (id, provider_id, pallet, km, price) VALUES ('CI_252', 'PI_2', 9, 360, 551.57) ON CONFLICT DO NOTHING;
INSERT INTO cost (id, provider_id, pallet, km, price) VALUES ('CI_253', 'PI_2', 10, 30, 229.81) ON CONFLICT DO NOTHING;
INSERT INTO cost (id, provider_id, pallet, km, price) VALUES ('CI_254', 'PI_2', 10, 60, 262.71) ON CONFLICT DO NOTHING;
INSERT INTO cost (id, provider_id, pallet, km, price) VALUES ('CI_255', 'PI_2', 10, 90, 295.56) ON CONFLICT DO NOTHING;
INSERT INTO cost (id, provider_id, pallet, km, price) VALUES ('CI_256', 'PI_2', 10, 120, 328.27) ON CONFLICT DO NOTHING;
INSERT INTO cost (id, provider_id, pallet, km, price) VALUES ('CI_257', 'PI_2', 10, 150, 361.12) ON CONFLICT DO NOTHING;
INSERT INTO cost (id, provider_id, pallet, km, price) VALUES ('CI_258', 'PI_2', 10, 180, 393.98) ON CONFLICT DO NOTHING;
INSERT INTO cost (id, provider_id, pallet, km, price) VALUES ('CI_259', 'PI_2', 10, 210, 426.82) ON CONFLICT DO NOTHING;
INSERT INTO cost (id, provider_id, pallet, km, price) VALUES ('CI_260', 'PI_2', 10, 240, 459.68) ON CONFLICT DO NOTHING;
INSERT INTO cost (id, provider_id, pallet, km, price) VALUES ('CI_261', 'PI_2', 10, 270, 492.48) ON CONFLICT DO NOTHING;
INSERT INTO cost (id, provider_id, pallet, km, price) VALUES ('CI_262', 'PI_2', 10, 300, 525.28) ON CONFLICT DO NOTHING;
INSERT INTO cost (id, provider_id, pallet, km, price) VALUES ('CI_263', 'PI_2', 10, 330, 558.13) ON CONFLICT DO NOTHING;
INSERT INTO cost (id, provider_id, pallet, km, price) VALUES ('CI_264', 'PI_2', 10, 360, 590.98) ON CONFLICT DO NOTHING;
INSERT INTO cost (id, provider_id, pallet, km, price) VALUES ('CI_265', 'PI_2', 11, 30, 244.3) ON CONFLICT DO NOTHING;
INSERT INTO cost (id, provider_id, pallet, km, price) VALUES ('CI_266', 'PI_2', 11, 60, 279.23) ON CONFLICT DO NOTHING;
INSERT INTO cost (id, provider_id, pallet, km, price) VALUES ('CI_267', 'PI_2', 11, 90, 314.06) ON CONFLICT DO NOTHING;
INSERT INTO cost (id, provider_id, pallet, km, price) VALUES ('CI_268', 'PI_2', 11, 120, 349.02) ON CONFLICT DO NOTHING;
INSERT INTO cost (id, provider_id, pallet, km, price) VALUES ('CI_269', 'PI_2', 11, 150, 383.85) ON CONFLICT DO NOTHING;
INSERT INTO cost (id, provider_id, pallet, km, price) VALUES ('CI_270', 'PI_2', 11, 180, 418.82) ON CONFLICT DO NOTHING;
INSERT INTO cost (id, provider_id, pallet, km, price) VALUES ('CI_271', 'PI_2', 11, 210, 453.64) ON CONFLICT DO NOTHING;
INSERT INTO cost (id, provider_id, pallet, km, price) VALUES ('CI_272', 'PI_2', 11, 240, 488.61) ON CONFLICT DO NOTHING;
INSERT INTO cost (id, provider_id, pallet, km, price) VALUES ('CI_273', 'PI_2', 11, 270, 523.44) ON CONFLICT DO NOTHING;
INSERT INTO cost (id, provider_id, pallet, km, price) VALUES ('CI_274', 'PI_2', 11, 300, 558.32) ON CONFLICT DO NOTHING;
INSERT INTO cost (id, provider_id, pallet, km, price) VALUES ('CI_275', 'PI_2', 11, 330, 593.28) ON CONFLICT DO NOTHING;
INSERT INTO cost (id, provider_id, pallet, km, price) VALUES ('CI_276', 'PI_2', 11, 360, 628.15) ON CONFLICT DO NOTHING;
INSERT INTO cost (id, provider_id, pallet, km, price) VALUES ('CI_277', 'PI_2', 12, 30, 257.9) ON CONFLICT DO NOTHING;
INSERT INTO cost (id, provider_id, pallet, km, price) VALUES ('CI_278', 'PI_2', 12, 60, 294.75) ON CONFLICT DO NOTHING;
INSERT INTO cost (id, provider_id, pallet, km, price) VALUES ('CI_279', 'PI_2', 12, 90, 331.56) ON CONFLICT DO NOTHING;
INSERT INTO cost (id, provider_id, pallet, km, price) VALUES ('CI_280', 'PI_2', 12, 120, 368.46) ON CONFLICT DO NOTHING;
INSERT INTO cost (id, provider_id, pallet, km, price) VALUES ('CI_281', 'PI_2', 12, 150, 405.31) ON CONFLICT DO NOTHING;
INSERT INTO cost (id, provider_id, pallet, km, price) VALUES ('CI_282', 'PI_2', 12, 180, 442.12) ON CONFLICT DO NOTHING;
INSERT INTO cost (id, provider_id, pallet, km, price) VALUES ('CI_283', 'PI_2', 12, 210, 478.93) ON CONFLICT DO NOTHING;
INSERT INTO cost (id, provider_id, pallet, km, price) VALUES ('CI_284', 'PI_2', 12, 240, 515.83) ON CONFLICT DO NOTHING;
INSERT INTO cost (id, provider_id, pallet, km, price) VALUES ('CI_285', 'PI_2', 12, 270, 552.64) ON CONFLICT DO NOTHING;
INSERT INTO cost (id, provider_id, pallet, km, price) VALUES ('CI_286', 'PI_2', 12, 300, 589.54) ON CONFLICT DO NOTHING;
INSERT INTO cost (id, provider_id, pallet, km, price) VALUES ('CI_287', 'PI_2', 12, 330, 626.36) ON CONFLICT DO NOTHING;
INSERT INTO cost (id, provider_id, pallet, km, price) VALUES ('CI_288', 'PI_2', 12, 360, 663.21) ON CONFLICT DO NOTHING;
