INSERT INTO address (id, street, number, city, zip, country) VALUES (1, 'Luterbachstrasse', '29', 'Zuchwil', '4528', 'Switzerland') ON CONFLICT DO NOTHING;
INSERT INTO address (id, street, number, city, zip, country) VALUES (2, 'Bahnhofstrasse', '6', 'Windisch', '5210', 'Switzerland') ON CONFLICT DO NOTHING;
INSERT INTO address (id, street, number, city, zip, country) VALUES (3, 'Bahnhofstrasse', '6', 'Windisch', '5210', 'Switzerland') ON CONFLICT DO NOTHING;
SELECT setval('address_id_seq', (SELECT MAX(id) FROM address));

INSERT INTO shipster_user (user_id, user_name, first_name, last_name, email, password, address_id, gender, roles) VALUES (1, 'dani_01', 'Daniel', 'Gergely', 'daniel.gergely@students.fhnw.ch', '$2a$10$.oTsOd/w3Lx4xdr3LGC6qe6aYOSZpKIbDi4mq5AgmjT2j29KhT5Bi', 1, 'male', 'ADMIN') ON CONFLICT DO NOTHING;
INSERT INTO shipster_user (user_id, user_name, first_name, last_name, email, password, address_id, gender, roles) VALUES (2, 'esti_01', 'Esther', 'Collins', 'esther.collins@students.fhnw.ch', '$2a$10$.oTsOd/w3Lx4xdr3LGC6qe6aYOSZpKIbDi4mq5AgmjT2j29KhT5Bi', 2, 'female', 'USER') ON CONFLICT DO NOTHING;
INSERT INTO shipster_user (user_id, user_name, first_name, last_name, email, password, address_id, gender, roles) VALUES (3, 'admin', 'Admin', 'Admin', 'admin.admin@students.fhnw.ch', '$2a$10$.oTsOd/w3Lx4xdr3LGC6qe6aYOSZpKIbDi4mq5AgmjT2j29KhT5Bi', 3, 'male', 'USER,ADMIN') ON CONFLICT DO NOTHING;
SELECT setval('shipster_user_user_id_seq', (SELECT MAX(user_id) FROM shipster_user));

INSERT INTO article (id, name, description, image_url, price, pallet_space, max_stack) VALUES (1, 'Shipster box 1', 'A standard shipping box. 25cm - 80cm - 35cm', '/images/box_1.png', 12.95, 0.2,25) ON CONFLICT DO NOTHING;
INSERT INTO article (id, name, description, image_url, price, pallet_space, max_stack) VALUES (2, 'Shipster box 2', 'A standard shipping box. 35cm - 90cm - 45cm', '/images/box_2.jpeg', 18.95, 0.3, 20) ON CONFLICT DO NOTHING;
INSERT INTO article (id, name, description, image_url, price, pallet_space, max_stack) VALUES (3, 'Shipster box 3', 'A standard shipping box. 35cm - 120cm - 30cm', '/images/box_3.jpeg', 20.95, 0.4, 30) ON CONFLICT DO NOTHING;
INSERT INTO article (id, name, description, image_url, price, pallet_space, max_stack) VALUES (4, 'Shipster big box 1', 'A large shipping box. 40cm - 150cm - 50cm', '/images/box_4.jpeg', 39.95, 0.8, 5) ON CONFLICT DO NOTHING;
INSERT INTO article (id, name, description, image_url, price, pallet_space, max_stack) VALUES (5, 'Shipster tall box', 'A tall shipping box. 50cm - 50cm - 160cm', '/images/box_5.jpg', 42.95, 0.4, 2) ON CONFLICT DO NOTHING;
INSERT INTO article (id, name, description, image_url, price, pallet_space, max_stack) VALUES (6, 'Shipster big box 2', 'A large shipping box. 50cm - 70cm - 120cm', '/images/box_6.jpeg', 49.95, 0.9, 4) ON CONFLICT DO NOTHING;
INSERT INTO article (id, name, description, image_url, price, pallet_space, max_stack) VALUES (7, 'Shipster wooden box', 'A wooden shipping box. 40cm - 50cm - 30cm', '/images/box_7.jpeg', 80.95, 1, 6) ON CONFLICT DO NOTHING;
INSERT INTO article (id, name, description, image_url, price, pallet_space, max_stack) VALUES (8, 'Shipster premium box', 'A premium shipping box. 40cm - 50cm - 40cm', '/images/box_8.jpg', 99.95, 1, 5) ON CONFLICT DO NOTHING;
INSERT INTO article (id, name, description, image_url, price, pallet_space, max_stack) VALUES (9, 'Article P1', 'The first P', '/images/box_1.png', 56.95, 1.2,25) ON CONFLICT DO NOTHING;
INSERT INTO article (id, name, description, image_url, price, pallet_space, max_stack) VALUES (10, 'Article P2', 'The funniest P', '/images/box_1.png', 12.95, 2,10) ON CONFLICT DO NOTHING;
INSERT INTO article (id, name, description, image_url, price, pallet_space, max_stack) VALUES (11, 'Article P3', 'The most expensive P', '/images/box_1.png', 66.95, 2.5,15) ON CONFLICT DO NOTHING;
INSERT INTO article (id, name, description, image_url, price, pallet_space, max_stack) VALUES (12, 'Article P4', 'The best P', '/images/box_1.png', 25.95, 0.8,1000) ON CONFLICT DO NOTHING;
SELECT setval('article_id_seq', (SELECT MAX(id) FROM article));

INSERT INTO shipster_order (id, user_id, order_status) VALUES (1, 1, 'BASKET') ON CONFLICT DO NOTHING;
INSERT INTO shipster_order (id, user_id, order_status) VALUES (2, 2, 'ORDERED') ON CONFLICT DO NOTHING;
INSERT INTO shipster_order (id, user_id, order_status) VALUES (3, 1, 'ORDERED') ON CONFLICT DO NOTHING;
INSERT INTO shipster_order (id, user_id, order_status) VALUES (4, 1, 'ORDERED') ON CONFLICT DO NOTHING;
INSERT INTO shipster_order (id, user_id, order_status) VALUES (5, 1, 'ORDERED') ON CONFLICT DO NOTHING;
SELECT setval('shipster_order_id_seq', (SELECT MAX(id) FROM shipster_order));

INSERT INTO order_item (id, article_id, order_id, quantity) VALUES (1, 1, 1, 3) ON CONFLICT DO NOTHING;
INSERT INTO order_item (id, article_id, order_id, quantity) VALUES (2, 3, 1, 10) ON CONFLICT DO NOTHING;
INSERT INTO order_item (id, article_id, order_id, quantity) VALUES (3, 2, 2, 1) ON CONFLICT DO NOTHING;
INSERT INTO order_item (id, article_id, order_id, quantity) VALUES (4, 4, 2, 2) ON CONFLICT DO NOTHING;
INSERT INTO order_item (id, article_id, order_id, quantity) VALUES (5, 5, 3, 12) ON CONFLICT DO NOTHING;
INSERT INTO order_item (id, article_id, order_id, quantity) VALUES (6, 1, 4, 3) ON CONFLICT DO NOTHING;
INSERT INTO order_item (id, article_id, order_id, quantity) VALUES (7, 1, 5, 8) ON CONFLICT DO NOTHING;
INSERT INTO order_item (id, article_id, order_id, quantity) VALUES (8, 2, 5, 1) ON CONFLICT DO NOTHING;
INSERT INTO order_item (id, article_id, order_id, quantity) VALUES (9, 3, 5, 1) ON CONFLICT DO NOTHING;
INSERT INTO order_item (id, article_id, order_id, quantity) VALUES (10, 4, 5, 5) ON CONFLICT DO NOTHING;
INSERT INTO order_item (id, article_id, order_id, quantity) VALUES (11, 5, 5, 28) ON CONFLICT DO NOTHING;
SELECT setval('order_item_id_seq', (SELECT MAX(id) FROM order_item));

INSERT INTO provider (id, name) VALUES (1, 'DHL') ON CONFLICT DO NOTHING;
INSERT INTO provider (id, name) VALUES (2, 'POST') ON CONFLICT DO NOTHING;
SELECT setval('provider_id_seq', (SELECT MAX(id) FROM provider));

INSERT INTO cost (id, provider_id, pallet, km, price) VALUES (1, 1,1 ,30, 58.65) ON CONFLICT DO NOTHING;
INSERT INTO cost (id, provider_id, pallet, km, price) VALUES (2, 1,1 ,60, 67.00) ON CONFLICT DO NOTHING;
INSERT INTO cost (id, provider_id, pallet, km, price) VALUES (3, 1, 1, 90, 75.40) ON CONFLICT DO NOTHING;
INSERT INTO cost (id, provider_id, pallet, km, price) VALUES (4, 1, 1, 120, 83.75) ON CONFLICT DO NOTHING;
INSERT INTO cost (id, provider_id, pallet, km, price) VALUES (5, 1, 1, 150, 92.15) ON CONFLICT DO NOTHING;
INSERT INTO cost (id, provider_id, pallet, km, price) VALUES (6, 1, 1, 180, 100.55) ON CONFLICT DO NOTHING;
INSERT INTO cost (id, provider_id, pallet, km, price) VALUES (7, 1, 1, 210, 108.95) ON CONFLICT DO NOTHING;
INSERT INTO cost (id, provider_id, pallet, km, price) VALUES (8, 1, 1, 240, 117.30) ON CONFLICT DO NOTHING;
INSERT INTO cost (id, provider_id, pallet, km, price) VALUES (9, 1, 1, 270, 125.65) ON CONFLICT DO NOTHING;
INSERT INTO cost (id, provider_id, pallet, km, price) VALUES (10, 1, 1, 300, 134.05) ON CONFLICT DO NOTHING;
INSERT INTO cost (id, provider_id, pallet, km, price) VALUES (11, 1, 1, 330, 142.40) ON CONFLICT DO NOTHING;
INSERT INTO cost (id, provider_id, pallet, km, price) VALUES (12, 1, 1, 360, 150.75) ON CONFLICT DO NOTHING;
INSERT INTO cost (id, provider_id, pallet, km, price) VALUES (13, 1, 2, 30, 87.00) ON CONFLICT DO NOTHING;
INSERT INTO cost (id, provider_id, pallet, km, price) VALUES (14, 1, 2, 60, 99.40) ON CONFLICT DO NOTHING;
INSERT INTO cost (id, provider_id, pallet, km, price) VALUES (15, 1, 2, 90, 111.90) ON CONFLICT DO NOTHING;
INSERT INTO cost (id, provider_id, pallet, km, price) VALUES (16, 1, 2, 120, 124.30) ON CONFLICT DO NOTHING;
INSERT INTO cost (id, provider_id, pallet, km, price) VALUES (17, 1, 2, 150, 136.70) ON CONFLICT DO NOTHING;
INSERT INTO cost (id, provider_id, pallet, km, price) VALUES (18, 1, 2, 180, 149.20) ON CONFLICT DO NOTHING;
INSERT INTO cost (id, provider_id, pallet, km, price) VALUES (19, 1, 2, 210, 161.55) ON CONFLICT DO NOTHING;
INSERT INTO cost (id, provider_id, pallet, km, price) VALUES (20, 1, 2, 240, 174.05) ON CONFLICT DO NOTHING;
INSERT INTO cost (id, provider_id, pallet, km, price) VALUES (21, 1, 2, 270, 186.45) ON CONFLICT DO NOTHING;
INSERT INTO cost (id, provider_id, pallet, km, price) VALUES (22, 1, 2, 300, 198.85) ON CONFLICT DO NOTHING;
INSERT INTO cost (id, provider_id, pallet, km, price) VALUES (23, 1, 2, 330, 211.30) ON CONFLICT DO NOTHING;
INSERT INTO cost (id, provider_id, pallet, km, price) VALUES (24, 1, 2, 360, 223.80) ON CONFLICT DO NOTHING;
INSERT INTO cost (id, provider_id, pallet, km, price) VALUES (25, 1, 3, 30, 114.50) ON CONFLICT DO NOTHING;
INSERT INTO cost (id, provider_id, pallet, km, price) VALUES (26, 1, 3, 60, 130.85) ON CONFLICT DO NOTHING;
INSERT INTO cost (id, provider_id, pallet, km, price) VALUES (27, 1, 3, 90, 147.15) ON CONFLICT DO NOTHING;
INSERT INTO cost (id, provider_id, pallet, km, price) VALUES (28, 1, 3, 120, 163.50) ON CONFLICT DO NOTHING;
INSERT INTO cost (id, provider_id, pallet, km, price) VALUES (29, 1, 3, 150, 179.80) ON CONFLICT DO NOTHING;
INSERT INTO cost (id, provider_id, pallet, km, price) VALUES (30, 1, 3, 180, 196.15) ON CONFLICT DO NOTHING;
INSERT INTO cost (id, provider_id, pallet, km, price) VALUES (31, 1, 3, 210, 212.50) ON CONFLICT DO NOTHING;
INSERT INTO cost (id, provider_id, pallet, km, price) VALUES (32, 1, 3, 240, 228.90) ON CONFLICT DO NOTHING;
INSERT INTO cost (id, provider_id, pallet, km, price) VALUES (33, 1, 3, 270, 245.30) ON CONFLICT DO NOTHING;
INSERT INTO cost (id, provider_id, pallet, km, price) VALUES (34, 1, 3, 300, 261.60) ON CONFLICT DO NOTHING;
INSERT INTO cost (id, provider_id, pallet, km, price) VALUES (35, 1, 3, 330, 277.95) ON CONFLICT DO NOTHING;
INSERT INTO cost (id, provider_id, pallet, km, price) VALUES (36, 1, 3, 360, 294.30) ON CONFLICT DO NOTHING;
INSERT INTO cost (id, provider_id, pallet, km, price) VALUES (37, 1, 4, 30, 137.10) ON CONFLICT DO NOTHING;
INSERT INTO cost (id, provider_id, pallet, km, price) VALUES (38, 1, 4, 60, 156.75) ON CONFLICT DO NOTHING;
INSERT INTO cost (id, provider_id, pallet, km, price) VALUES (39, 1, 4, 90, 176.35) ON CONFLICT DO NOTHING;
INSERT INTO cost (id, provider_id, pallet, km, price) VALUES (40, 1, 4, 120, 195.90) ON CONFLICT DO NOTHING;
INSERT INTO cost (id, provider_id, pallet, km, price) VALUES (41, 1, 4, 150, 215.50) ON CONFLICT DO NOTHING;
INSERT INTO cost (id, provider_id, pallet, km, price) VALUES (42, 1, 4, 180, 235.15) ON CONFLICT DO NOTHING;
INSERT INTO cost (id, provider_id, pallet, km, price) VALUES (43, 1, 4, 210, 253.90) ON CONFLICT DO NOTHING;
INSERT INTO cost (id, provider_id, pallet, km, price) VALUES (44, 1, 4, 240, 274.25) ON CONFLICT DO NOTHING;
INSERT INTO cost (id, provider_id, pallet, km, price) VALUES (45, 1, 4, 270, 293.90) ON CONFLICT DO NOTHING;
INSERT INTO cost (id, provider_id, pallet, km, price) VALUES (46, 1, 4, 300, 313.45) ON CONFLICT DO NOTHING;
INSERT INTO cost (id, provider_id, pallet, km, price) VALUES (47, 1, 4, 330, 332.95) ON CONFLICT DO NOTHING;
INSERT INTO cost (id, provider_id, pallet, km, price) VALUES (48, 1, 4, 360, 352.65) ON CONFLICT DO NOTHING;
INSERT INTO cost (id, provider_id, pallet, km, price) VALUES (49, 1, 5, 30, 160.80) ON CONFLICT DO NOTHING;
INSERT INTO cost (id, provider_id, pallet, km, price) VALUES (50, 1, 5, 60, 183.80) ON CONFLICT DO NOTHING;
INSERT INTO cost (id, provider_id, pallet, km, price) VALUES (51, 1, 5, 90, 206.65) ON CONFLICT DO NOTHING;
INSERT INTO cost (id, provider_id, pallet, km, price) VALUES (52, 1, 5, 120, 229.70) ON CONFLICT DO NOTHING;
INSERT INTO cost (id, provider_id, pallet, km, price) VALUES (53, 1, 5, 150, 252.60) ON CONFLICT DO NOTHING;
INSERT INTO cost (id, provider_id, pallet, km, price) VALUES (54, 1, 5, 180, 275.60) ON CONFLICT DO NOTHING;
INSERT INTO cost (id, provider_id, pallet, km, price) VALUES (55, 1, 5, 210, 298.60) ON CONFLICT DO NOTHING;
INSERT INTO cost (id, provider_id, pallet, km, price) VALUES (56, 1, 5, 240, 321.55) ON CONFLICT DO NOTHING;
INSERT INTO cost (id, provider_id, pallet, km, price) VALUES (57, 1, 5, 270, 344.55) ON CONFLICT DO NOTHING;
INSERT INTO cost (id, provider_id, pallet, km, price) VALUES (58, 1, 5, 300, 367.50) ON CONFLICT DO NOTHING;
INSERT INTO cost (id, provider_id, pallet, km, price) VALUES (59, 1, 5, 330, 390.45) ON CONFLICT DO NOTHING;
INSERT INTO cost (id, provider_id, pallet, km, price) VALUES (60, 1, 5, 360, 413.45) ON CONFLICT DO NOTHING;
INSERT INTO cost (id, provider_id, pallet, km, price) VALUES (61, 1, 6, 30, 181.65) ON CONFLICT DO NOTHING;
INSERT INTO cost (id, provider_id, pallet, km, price) VALUES (62, 1, 6, 60, 207.55) ON CONFLICT DO NOTHING;
INSERT INTO cost (id, provider_id, pallet, km, price) VALUES (63, 1, 6, 90, 233.50) ON CONFLICT DO NOTHING;
INSERT INTO cost (id, provider_id, pallet, km, price) VALUES (64, 1, 6, 120, 259.45) ON CONFLICT DO NOTHING;
INSERT INTO cost (id, provider_id, pallet, km, price) VALUES (65, 1, 6, 150, 285.30) ON CONFLICT DO NOTHING;
INSERT INTO cost (id, provider_id, pallet, km, price) VALUES (66, 1, 6, 180, 311.25) ON CONFLICT DO NOTHING;
INSERT INTO cost (id, provider_id, pallet, km, price) VALUES (67, 1, 6, 210, 337.15) ON CONFLICT DO NOTHING;
INSERT INTO cost (id, provider_id, pallet, km, price) VALUES (68, 1, 6, 240, 363.15) ON CONFLICT DO NOTHING;
INSERT INTO cost (id, provider_id, pallet, km, price) VALUES (69, 1, 6, 270, 389.10) ON CONFLICT DO NOTHING;
INSERT INTO cost (id, provider_id, pallet, km, price) VALUES (70, 1, 6, 300, 415.00) ON CONFLICT DO NOTHING;
INSERT INTO cost (id, provider_id, pallet, km, price) VALUES (71, 1, 6, 330, 441.05) ON CONFLICT DO NOTHING;
INSERT INTO cost (id, provider_id, pallet, km, price) VALUES (72, 1, 6, 360, 466.90) ON CONFLICT DO NOTHING;
INSERT INTO cost (id, provider_id, pallet, km, price) VALUES (73, 1, 7, 30, 201.45) ON CONFLICT DO NOTHING;
INSERT INTO cost (id, provider_id, pallet, km, price) VALUES (74, 1, 7, 60, 230.25) ON CONFLICT DO NOTHING;
INSERT INTO cost (id, provider_id, pallet, km, price) VALUES (75, 1, 7, 90, 259.00) ON CONFLICT DO NOTHING;
INSERT INTO cost (id, provider_id, pallet, km, price) VALUES (76, 1, 7, 120, 287.70) ON CONFLICT DO NOTHING;
INSERT INTO cost (id, provider_id, pallet, km, price) VALUES (77, 1, 7, 150, 316.50) ON CONFLICT DO NOTHING;
INSERT INTO cost (id, provider_id, pallet, km, price) VALUES (78, 1, 7, 180, 345.35) ON CONFLICT DO NOTHING;
INSERT INTO cost (id, provider_id, pallet, km, price) VALUES (79, 1, 7, 210, 374.15) ON CONFLICT DO NOTHING;
INSERT INTO cost (id, provider_id, pallet, km, price) VALUES (80, 1, 7, 240, 402.90) ON CONFLICT DO NOTHING;
INSERT INTO cost (id, provider_id, pallet, km, price) VALUES (81, 1, 7, 270, 431.70) ON CONFLICT DO NOTHING;
INSERT INTO cost (id, provider_id, pallet, km, price) VALUES (82, 1, 7, 300, 460.45) ON CONFLICT DO NOTHING;
INSERT INTO cost (id, provider_id, pallet, km, price) VALUES (83, 1, 7, 330, 489.20) ON CONFLICT DO NOTHING;
INSERT INTO cost (id, provider_id, pallet, km, price) VALUES (84, 1, 7, 360, 518.00) ON CONFLICT DO NOTHING;
INSERT INTO cost (id, provider_id, pallet, km, price) VALUES (85, 1, 8, 30, 220.30) ON CONFLICT DO NOTHING;
INSERT INTO cost (id, provider_id, pallet, km, price) VALUES (86, 1, 8, 60, 251.85) ON CONFLICT DO NOTHING;
INSERT INTO cost (id, provider_id, pallet, km, price) VALUES (87, 1, 8, 90, 283.35) ON CONFLICT DO NOTHING;
INSERT INTO cost (id, provider_id, pallet, km, price) VALUES (88, 1, 8, 120, 314.85) ON CONFLICT DO NOTHING;
INSERT INTO cost (id, provider_id, pallet, km, price) VALUES (89, 1, 8, 150, 346.30) ON CONFLICT DO NOTHING;
INSERT INTO cost (id, provider_id, pallet, km, price) VALUES (90, 1, 8, 180, 377.75) ON CONFLICT DO NOTHING;
INSERT INTO cost (id, provider_id, pallet, km, price) VALUES (91, 1, 8, 210, 409.30) ON CONFLICT DO NOTHING;
INSERT INTO cost (id, provider_id, pallet, km, price) VALUES (92, 1, 8, 240, 440.75) ON CONFLICT DO NOTHING;
INSERT INTO cost (id, provider_id, pallet, km, price) VALUES (93, 1, 8, 270, 472.20) ON CONFLICT DO NOTHING;
INSERT INTO cost (id, provider_id, pallet, km, price) VALUES (94, 1, 8, 300, 503.70) ON CONFLICT DO NOTHING;
INSERT INTO cost (id, provider_id, pallet, km, price) VALUES (95, 1, 8, 330, 535.20) ON CONFLICT DO NOTHING;
INSERT INTO cost (id, provider_id, pallet, km, price) VALUES (96, 1, 8, 360, 566.70) ON CONFLICT DO NOTHING;
INSERT INTO cost (id, provider_id, pallet, km, price) VALUES (97, 1, 9, 30, 238.35) ON CONFLICT DO NOTHING;
INSERT INTO cost (id, provider_id, pallet, km, price) VALUES (98, 1, 9, 60, 272.40) ON CONFLICT DO NOTHING;
INSERT INTO cost (id, provider_id, pallet, km, price) VALUES (99, 1, 9, 90, 306.45) ON CONFLICT DO NOTHING;
INSERT INTO cost (id, provider_id, pallet, km, price) VALUES (100, 1, 9, 120, 340.50) ON CONFLICT DO NOTHING;
INSERT INTO cost (id, provider_id, pallet, km, price) VALUES (101, 1, 9, 150, 374.50) ON CONFLICT DO NOTHING;
INSERT INTO cost (id, provider_id, pallet, km, price) VALUES (102, 1, 9, 180, 408.60) ON CONFLICT DO NOTHING;
INSERT INTO cost (id, provider_id, pallet, km, price) VALUES (103, 1, 9, 210, 442.60) ON CONFLICT DO NOTHING;
INSERT INTO cost (id, provider_id, pallet, km, price) VALUES (104, 1, 9, 240, 476.70) ON CONFLICT DO NOTHING;
INSERT INTO cost (id, provider_id, pallet, km, price) VALUES (105, 1, 9, 270, 510.75) ON CONFLICT DO NOTHING;
INSERT INTO cost (id, provider_id, pallet, km, price) VALUES (106, 1, 9, 300, 544.70) ON CONFLICT DO NOTHING;
INSERT INTO cost (id, provider_id, pallet, km, price) VALUES (107, 1, 9, 330, 578.85) ON CONFLICT DO NOTHING;
INSERT INTO cost (id, provider_id, pallet, km, price) VALUES (108, 1, 9, 360, 612.85) ON CONFLICT DO NOTHING;
INSERT INTO cost (id, provider_id, pallet, km, price) VALUES (109, 1, 10, 30, 255.35) ON CONFLICT DO NOTHING;
INSERT INTO cost (id, provider_id, pallet, km, price) VALUES (110, 1, 10, 60, 291.90) ON CONFLICT DO NOTHING;
INSERT INTO cost (id, provider_id, pallet, km, price) VALUES (111, 1, 10, 90, 328.40) ON CONFLICT DO NOTHING;
INSERT INTO cost (id, provider_id, pallet, km, price) VALUES (112, 1, 10, 120, 364.75) ON CONFLICT DO NOTHING;
INSERT INTO cost (id, provider_id, pallet, km, price) VALUES (113, 1, 10, 150, 401.25) ON CONFLICT DO NOTHING;
INSERT INTO cost (id, provider_id, pallet, km, price) VALUES (114, 1, 10, 180, 437.75) ON CONFLICT DO NOTHING;
INSERT INTO cost (id, provider_id, pallet, km, price) VALUES (115, 1, 10, 210, 474.25) ON CONFLICT DO NOTHING;
INSERT INTO cost (id, provider_id, pallet, km, price) VALUES (116, 1, 10, 240, 510.75) ON CONFLICT DO NOTHING;
INSERT INTO cost (id, provider_id, pallet, km, price) VALUES (117, 1, 10, 270, 547.20) ON CONFLICT DO NOTHING;
INSERT INTO cost (id, provider_id, pallet, km, price) VALUES (118, 1, 10, 300, 583.65) ON CONFLICT DO NOTHING;
INSERT INTO cost (id, provider_id, pallet, km, price) VALUES (119, 1, 10, 330, 620.15) ON CONFLICT DO NOTHING;
INSERT INTO cost (id, provider_id, pallet, km, price) VALUES (120, 1, 10, 360, 656.65) ON CONFLICT DO NOTHING;
INSERT INTO cost (id, provider_id, pallet, km, price) VALUES (121, 1, 11, 30, 271.45) ON CONFLICT DO NOTHING;
INSERT INTO cost (id, provider_id, pallet, km, price) VALUES (122, 1, 11, 60, 310.25) ON CONFLICT DO NOTHING;
INSERT INTO cost (id, provider_id, pallet, km, price) VALUES (123, 1, 11, 90, 348.96) ON CONFLICT DO NOTHING;
INSERT INTO cost (id, provider_id, pallet, km, price) VALUES (124, 1, 11, 120, 387.80) ON CONFLICT DO NOTHING;
INSERT INTO cost (id, provider_id, pallet, km, price) VALUES (125, 1, 11, 150, 426.50) ON CONFLICT DO NOTHING;
INSERT INTO cost (id, provider_id, pallet, km, price) VALUES (126, 1, 11, 180, 465.35) ON CONFLICT DO NOTHING;
INSERT INTO cost (id, provider_id, pallet, km, price) VALUES (127, 1, 11, 210, 504.05) ON CONFLICT DO NOTHING;
INSERT INTO cost (id, provider_id, pallet, km, price) VALUES (128, 1, 11, 240, 542.90) ON CONFLICT DO NOTHING;
INSERT INTO cost (id, provider_id, pallet, km, price) VALUES (129, 1, 11, 270, 581.60) ON CONFLICT DO NOTHING;
INSERT INTO cost (id, provider_id, pallet, km, price) VALUES (130, 1, 11, 300, 620.35) ON CONFLICT DO NOTHING;
INSERT INTO cost (id, provider_id, pallet, km, price) VALUES (131, 1, 11, 330, 659.20) ON CONFLICT DO NOTHING;
INSERT INTO cost (id, provider_id, pallet, km, price) VALUES (132, 1, 11, 360, 697.95) ON CONFLICT DO NOTHING;
INSERT INTO cost (id, provider_id, pallet, km, price) VALUES (133, 1, 12, 30, 286.55) ON CONFLICT DO NOTHING;
INSERT INTO cost (id, provider_id, pallet, km, price) VALUES (134, 1, 12, 60, 327.50) ON CONFLICT DO NOTHING;
INSERT INTO cost (id, provider_id, pallet, km, price) VALUES (135, 1, 12, 90, 368.40) ON CONFLICT DO NOTHING;
INSERT INTO cost (id, provider_id, pallet, km, price) VALUES (136, 1, 12, 120, 409.40) ON CONFLICT DO NOTHING;
INSERT INTO cost (id, provider_id, pallet, km, price) VALUES (137, 1, 12, 150, 450.35) ON CONFLICT DO NOTHING;
INSERT INTO cost (id, provider_id, pallet, km, price) VALUES (138, 1, 12, 180, 491.25) ON CONFLICT DO NOTHING;
INSERT INTO cost (id, provider_id, pallet, km, price) VALUES (139, 1, 12, 210, 532.15) ON CONFLICT DO NOTHING;
INSERT INTO cost (id, provider_id, pallet, km, price) VALUES (140, 1, 12, 240, 573.15) ON CONFLICT DO NOTHING;
INSERT INTO cost (id, provider_id, pallet, km, price) VALUES (141, 1, 12, 270, 614.05) ON CONFLICT DO NOTHING;
INSERT INTO cost (id, provider_id, pallet, km, price) VALUES (142, 1, 12, 300, 655.05) ON CONFLICT DO NOTHING;
INSERT INTO cost (id, provider_id, pallet, km, price) VALUES (143, 1, 12, 330, 695.95) ON CONFLICT DO NOTHING;
INSERT INTO cost (id, provider_id, pallet, km, price) VALUES (144, 1, 12, 360, 736.90) ON CONFLICT DO NOTHING;

INSERT INTO cost (id, provider_id, pallet, km, price) VALUES (145, 2,1 ,30, 52.79) ON CONFLICT DO NOTHING;
INSERT INTO cost (id, provider_id, pallet, km, price) VALUES (146, 2,1 ,60, 60.3) ON CONFLICT DO NOTHING;
INSERT INTO cost (id, provider_id, pallet, km, price) VALUES (147, 2, 1, 90, 67.86) ON CONFLICT DO NOTHING;
INSERT INTO cost (id, provider_id, pallet, km, price) VALUES (148, 2, 1, 120, 75.38) ON CONFLICT DO NOTHING;
INSERT INTO cost (id, provider_id, pallet, km, price) VALUES (149, 2, 1, 150, 82.94) ON CONFLICT DO NOTHING;
INSERT INTO cost (id, provider_id, pallet, km, price) VALUES (150, 2, 1, 180, 90.49) ON CONFLICT DO NOTHING;
INSERT INTO cost (id, provider_id, pallet, km, price) VALUES (151, 2, 1, 210, 98.06) ON CONFLICT DO NOTHING;
INSERT INTO cost (id, provider_id, pallet, km, price) VALUES (152, 2, 1, 240, 105.57) ON CONFLICT DO NOTHING;
INSERT INTO cost (id, provider_id, pallet, km, price) VALUES (153, 2, 1, 270, 113.09) ON CONFLICT DO NOTHING;
INSERT INTO cost (id, provider_id, pallet, km, price) VALUES (154, 2, 1, 300, 120.65) ON CONFLICT DO NOTHING;
INSERT INTO cost (id, provider_id, pallet, km, price) VALUES (155, 2, 1, 330, 128.16) ON CONFLICT DO NOTHING;
INSERT INTO cost (id, provider_id, pallet, km, price) VALUES (156, 2, 1, 360, 135.68) ON CONFLICT DO NOTHING;
INSERT INTO cost (id, provider_id, pallet, km, price) VALUES (157, 2, 2, 30, 78.3) ON CONFLICT DO NOTHING;
INSERT INTO cost (id, provider_id, pallet, km, price) VALUES (158, 2, 2, 60, 89.46) ON CONFLICT DO NOTHING;
INSERT INTO cost (id, provider_id, pallet, km, price) VALUES (159, 2, 2, 90, 100.71) ON CONFLICT DO NOTHING;
INSERT INTO cost (id, provider_id, pallet, km, price) VALUES (160, 2, 2, 120, 111.87) ON CONFLICT DO NOTHING;
INSERT INTO cost (id, provider_id, pallet, km, price) VALUES (161, 2, 2, 150, 123.03) ON CONFLICT DO NOTHING;
INSERT INTO cost (id, provider_id, pallet, km, price) VALUES (162, 2, 2, 180, 134.28) ON CONFLICT DO NOTHING;
INSERT INTO cost (id, provider_id, pallet, km, price) VALUES (163, 2, 2, 210, 145.4) ON CONFLICT DO NOTHING;
INSERT INTO cost (id, provider_id, pallet, km, price) VALUES (164, 2, 2, 240, 156.65) ON CONFLICT DO NOTHING;
INSERT INTO cost (id, provider_id, pallet, km, price) VALUES (165, 2, 2, 270, 167.81) ON CONFLICT DO NOTHING;
INSERT INTO cost (id, provider_id, pallet, km, price) VALUES (166, 2, 2, 300, 178.96) ON CONFLICT DO NOTHING;
INSERT INTO cost (id, provider_id, pallet, km, price) VALUES (167, 2, 2, 330, 190.17) ON CONFLICT DO NOTHING;
INSERT INTO cost (id, provider_id, pallet, km, price) VALUES (168, 2, 2, 360, 201.42) ON CONFLICT DO NOTHING;
INSERT INTO cost (id, provider_id, pallet, km, price) VALUES (169, 2, 3, 30, 103.05) ON CONFLICT DO NOTHING;
INSERT INTO cost (id, provider_id, pallet, km, price) VALUES (170, 2, 3, 60, 117.76) ON CONFLICT DO NOTHING;
INSERT INTO cost (id, provider_id, pallet, km, price) VALUES (171, 2, 3, 90, 132.44) ON CONFLICT DO NOTHING;
INSERT INTO cost (id, provider_id, pallet, km, price) VALUES (172, 2, 3, 120, 147.15) ON CONFLICT DO NOTHING;
INSERT INTO cost (id, provider_id, pallet, km, price) VALUES (173, 2, 3, 150, 161.82) ON CONFLICT DO NOTHING;
INSERT INTO cost (id, provider_id, pallet, km, price) VALUES (174, 2, 3, 180, 176.54) ON CONFLICT DO NOTHING;
INSERT INTO cost (id, provider_id, pallet, km, price) VALUES (175, 2, 3, 210, 191.25) ON CONFLICT DO NOTHING;
INSERT INTO cost (id, provider_id, pallet, km, price) VALUES (176, 2, 3, 240, 206.01) ON CONFLICT DO NOTHING;
INSERT INTO cost (id, provider_id, pallet, km, price) VALUES (177, 2, 3, 270, 220.77) ON CONFLICT DO NOTHING;
INSERT INTO cost (id, provider_id, pallet, km, price) VALUES (178, 2, 3, 300, 235.44) ON CONFLICT DO NOTHING;
INSERT INTO cost (id, provider_id, pallet, km, price) VALUES (179, 2, 3, 330, 250.15) ON CONFLICT DO NOTHING;
INSERT INTO cost (id, provider_id, pallet, km, price) VALUES (180, 2, 3, 360, 264.87) ON CONFLICT DO NOTHING;
INSERT INTO cost (id, provider_id, pallet, km, price) VALUES (181, 2, 4, 30, 123.39) ON CONFLICT DO NOTHING;
INSERT INTO cost (id, provider_id, pallet, km, price) VALUES (182, 2, 4, 60, 141.07) ON CONFLICT DO NOTHING;
INSERT INTO cost (id, provider_id, pallet, km, price) VALUES (183, 2, 4, 90, 158.71) ON CONFLICT DO NOTHING;
INSERT INTO cost (id, provider_id, pallet, km, price) VALUES (184, 2, 4, 120, 176.31) ON CONFLICT DO NOTHING;
INSERT INTO cost (id, provider_id, pallet, km, price) VALUES (185, 2, 4, 150, 193.95) ON CONFLICT DO NOTHING;
INSERT INTO cost (id, provider_id, pallet, km, price) VALUES (186, 2, 4, 180, 211.63) ON CONFLICT DO NOTHING;
INSERT INTO cost (id, provider_id, pallet, km, price) VALUES (187, 2, 4, 210, 228.51) ON CONFLICT DO NOTHING;
INSERT INTO cost (id, provider_id, pallet, km, price) VALUES (188, 2, 4, 240, 246.82) ON CONFLICT DO NOTHING;
INSERT INTO cost (id, provider_id, pallet, km, price) VALUES (189, 2, 4, 270, 264.51) ON CONFLICT DO NOTHING;
INSERT INTO cost (id, provider_id, pallet, km, price) VALUES (190, 2, 4, 300, 282.1) ON CONFLICT DO NOTHING;
INSERT INTO cost (id, provider_id, pallet, km, price) VALUES (191, 2, 4, 330, 299.65) ON CONFLICT DO NOTHING;
INSERT INTO cost (id, provider_id, pallet, km, price) VALUES (192, 2, 4, 360, 317.38) ON CONFLICT DO NOTHING;
INSERT INTO cost (id, provider_id, pallet, km, price) VALUES (193, 2, 5, 30, 144.72) ON CONFLICT DO NOTHING;
INSERT INTO cost (id, provider_id, pallet, km, price) VALUES (194, 2, 5, 60, 165.42) ON CONFLICT DO NOTHING;
INSERT INTO cost (id, provider_id, pallet, km, price) VALUES (195, 2, 5, 90, 185.99) ON CONFLICT DO NOTHING;
INSERT INTO cost (id, provider_id, pallet, km, price) VALUES (196, 2, 5, 120, 206.73) ON CONFLICT DO NOTHING;
INSERT INTO cost (id, provider_id, pallet, km, price) VALUES (197, 2, 5, 150, 227.34) ON CONFLICT DO NOTHING;
INSERT INTO cost (id, provider_id, pallet, km, price) VALUES (198, 2, 5, 180, 248.04) ON CONFLICT DO NOTHING;
INSERT INTO cost (id, provider_id, pallet, km, price) VALUES (199, 2, 5, 210, 268.74) ON CONFLICT DO NOTHING;
INSERT INTO cost (id, provider_id, pallet, km, price) VALUES (200, 2, 5, 240, 289.4) ON CONFLICT DO NOTHING;
INSERT INTO cost (id, provider_id, pallet, km, price) VALUES (201, 2, 5, 270, 310.1) ON CONFLICT DO NOTHING;
INSERT INTO cost (id, provider_id, pallet, km, price) VALUES (202, 2, 5, 300, 330.75) ON CONFLICT DO NOTHING;
INSERT INTO cost (id, provider_id, pallet, km, price) VALUES (203, 2, 5, 330, 351.4) ON CONFLICT DO NOTHING;
INSERT INTO cost (id, provider_id, pallet, km, price) VALUES (204, 2, 5, 360, 372.1) ON CONFLICT DO NOTHING;
INSERT INTO cost (id, provider_id, pallet, km, price) VALUES (205, 2, 6, 30, 163.49) ON CONFLICT DO NOTHING;
INSERT INTO cost (id, provider_id, pallet, km, price) VALUES (206, 2, 6, 60, 186.8) ON CONFLICT DO NOTHING;
INSERT INTO cost (id, provider_id, pallet, km, price) VALUES (207, 2, 6, 90, 210.15) ON CONFLICT DO NOTHING;
INSERT INTO cost (id, provider_id, pallet, km, price) VALUES (208, 2, 6, 120, 233.5) ON CONFLICT DO NOTHING;
INSERT INTO cost (id, provider_id, pallet, km, price) VALUES (209, 2, 6, 150, 256.77) ON CONFLICT DO NOTHING;
INSERT INTO cost (id, provider_id, pallet, km, price) VALUES (210, 2, 6, 180, 280.12) ON CONFLICT DO NOTHING;
INSERT INTO cost (id, provider_id, pallet, km, price) VALUES (211, 2, 6, 210, 303.44) ON CONFLICT DO NOTHING;
INSERT INTO cost (id, provider_id, pallet, km, price) VALUES (212, 2, 6, 240, 326.83) ON CONFLICT DO NOTHING;
INSERT INTO cost (id, provider_id, pallet, km, price) VALUES (213, 2, 6, 270, 350.19) ON CONFLICT DO NOTHING;
INSERT INTO cost (id, provider_id, pallet, km, price) VALUES (214, 2, 6, 300, 373.5) ON CONFLICT DO NOTHING;
INSERT INTO cost (id, provider_id, pallet, km, price) VALUES (215, 2, 6, 330, 396.95) ON CONFLICT DO NOTHING;
INSERT INTO cost (id, provider_id, pallet, km, price) VALUES (216, 2, 6, 360, 420.21) ON CONFLICT DO NOTHING;
INSERT INTO cost (id, provider_id, pallet, km, price) VALUES (217, 2, 7, 30, 181.31) ON CONFLICT DO NOTHING;
INSERT INTO cost (id, provider_id, pallet, km, price) VALUES (218, 2, 7, 60, 207.22) ON CONFLICT DO NOTHING;
INSERT INTO cost (id, provider_id, pallet, km, price) VALUES (219, 2, 7, 90, 233.1) ON CONFLICT DO NOTHING;
INSERT INTO cost (id, provider_id, pallet, km, price) VALUES (220, 2, 7, 120, 258.93) ON CONFLICT DO NOTHING;
INSERT INTO cost (id, provider_id, pallet, km, price) VALUES (221, 2, 7, 150, 284.85) ON CONFLICT DO NOTHING;
INSERT INTO cost (id, provider_id, pallet, km, price) VALUES (222, 2, 7, 180, 310.81) ON CONFLICT DO NOTHING;
INSERT INTO cost (id, provider_id, pallet, km, price) VALUES (223, 2, 7, 210, 336.74) ON CONFLICT DO NOTHING;
INSERT INTO cost (id, provider_id, pallet, km, price) VALUES (224, 2, 7, 240, 362.61) ON CONFLICT DO NOTHING;
INSERT INTO cost (id, provider_id, pallet, km, price) VALUES (225, 2, 7, 270, 388.53) ON CONFLICT DO NOTHING;
INSERT INTO cost (id, provider_id, pallet, km, price) VALUES (226, 2, 7, 300, 414.41) ON CONFLICT DO NOTHING;
INSERT INTO cost (id, provider_id, pallet, km, price) VALUES (227, 2, 7, 330, 440.28) ON CONFLICT DO NOTHING;
INSERT INTO cost (id, provider_id, pallet, km, price) VALUES (228, 2, 7, 360, 466.2) ON CONFLICT DO NOTHING;
INSERT INTO cost (id, provider_id, pallet, km, price) VALUES (229, 2, 8, 30, 198.27) ON CONFLICT DO NOTHING;
INSERT INTO cost (id, provider_id, pallet, km, price) VALUES (230, 2, 8, 60, 226.67) ON CONFLICT DO NOTHING;
INSERT INTO cost (id, provider_id, pallet, km, price) VALUES (231, 2, 8, 90, 255.02) ON CONFLICT DO NOTHING;
INSERT INTO cost (id, provider_id, pallet, km, price) VALUES (232, 2, 8, 120, 283.37) ON CONFLICT DO NOTHING;
INSERT INTO cost (id, provider_id, pallet, km, price) VALUES (233, 2, 8, 150, 311.67) ON CONFLICT DO NOTHING;
INSERT INTO cost (id, provider_id, pallet, km, price) VALUES (234, 2, 8, 180, 339.98) ON CONFLICT DO NOTHING;
INSERT INTO cost (id, provider_id, pallet, km, price) VALUES (235, 2, 8, 210, 368.37) ON CONFLICT DO NOTHING;
INSERT INTO cost (id, provider_id, pallet, km, price) VALUES (236, 2, 8, 240, 396.68) ON CONFLICT DO NOTHING;
INSERT INTO cost (id, provider_id, pallet, km, price) VALUES (237, 2, 8, 270, 424.98) ON CONFLICT DO NOTHING;
INSERT INTO cost (id, provider_id, pallet, km, price) VALUES (238, 2, 8, 300, 453.33) ON CONFLICT DO NOTHING;
INSERT INTO cost (id, provider_id, pallet, km, price) VALUES (239, 2, 8, 330, 481.68) ON CONFLICT DO NOTHING;
INSERT INTO cost (id, provider_id, pallet, km, price) VALUES (240, 2, 8, 360, 510.03) ON CONFLICT DO NOTHING;
INSERT INTO cost (id, provider_id, pallet, km, price) VALUES (241, 2, 9, 30, 214.52) ON CONFLICT DO NOTHING;
INSERT INTO cost (id, provider_id, pallet, km, price) VALUES (242, 2, 9, 60, 245.16) ON CONFLICT DO NOTHING;
INSERT INTO cost (id, provider_id, pallet, km, price) VALUES (243, 2, 9, 90, 275.8) ON CONFLICT DO NOTHING;
INSERT INTO cost (id, provider_id, pallet, km, price) VALUES (244, 2, 9, 120, 306.45) ON CONFLICT DO NOTHING;
INSERT INTO cost (id, provider_id, pallet, km, price) VALUES (245, 2, 9, 150, 337.05) ON CONFLICT DO NOTHING;
INSERT INTO cost (id, provider_id, pallet, km, price) VALUES (246, 2, 9, 180, 367.74) ON CONFLICT DO NOTHING;
INSERT INTO cost (id, provider_id, pallet, km, price) VALUES (247, 2, 9, 210, 398.34) ON CONFLICT DO NOTHING;
INSERT INTO cost (id, provider_id, pallet, km, price) VALUES (248, 2, 9, 240, 429.03) ON CONFLICT DO NOTHING;
INSERT INTO cost (id, provider_id, pallet, km, price) VALUES (249, 2, 9, 270, 459.68) ON CONFLICT DO NOTHING;
INSERT INTO cost (id, provider_id, pallet, km, price) VALUES (250, 2, 9, 300, 490.23) ON CONFLICT DO NOTHING;
INSERT INTO cost (id, provider_id, pallet, km, price) VALUES (251, 2, 9, 330, 520.97) ON CONFLICT DO NOTHING;
INSERT INTO cost (id, provider_id, pallet, km, price) VALUES (252, 2, 9, 360, 551.57) ON CONFLICT DO NOTHING;
INSERT INTO cost (id, provider_id, pallet, km, price) VALUES (253, 2, 10, 30, 229.81) ON CONFLICT DO NOTHING;
INSERT INTO cost (id, provider_id, pallet, km, price) VALUES (254, 2, 10, 60, 262.71) ON CONFLICT DO NOTHING;
INSERT INTO cost (id, provider_id, pallet, km, price) VALUES (255, 2, 10, 90, 295.56) ON CONFLICT DO NOTHING;
INSERT INTO cost (id, provider_id, pallet, km, price) VALUES (256, 2, 10, 120, 328.27) ON CONFLICT DO NOTHING;
INSERT INTO cost (id, provider_id, pallet, km, price) VALUES (257, 2, 10, 150, 361.12) ON CONFLICT DO NOTHING;
INSERT INTO cost (id, provider_id, pallet, km, price) VALUES (258, 2, 10, 180, 393.98) ON CONFLICT DO NOTHING;
INSERT INTO cost (id, provider_id, pallet, km, price) VALUES (259, 2, 10, 210, 426.82) ON CONFLICT DO NOTHING;
INSERT INTO cost (id, provider_id, pallet, km, price) VALUES (260, 2, 10, 240, 459.68) ON CONFLICT DO NOTHING;
INSERT INTO cost (id, provider_id, pallet, km, price) VALUES (261, 2, 10, 270, 492.48) ON CONFLICT DO NOTHING;
INSERT INTO cost (id, provider_id, pallet, km, price) VALUES (262, 2, 10, 300, 525.28) ON CONFLICT DO NOTHING;
INSERT INTO cost (id, provider_id, pallet, km, price) VALUES (263, 2, 10, 330, 558.13) ON CONFLICT DO NOTHING;
INSERT INTO cost (id, provider_id, pallet, km, price) VALUES (264, 2, 10, 360, 590.98) ON CONFLICT DO NOTHING;
INSERT INTO cost (id, provider_id, pallet, km, price) VALUES (265, 2, 11, 30, 244.3) ON CONFLICT DO NOTHING;
INSERT INTO cost (id, provider_id, pallet, km, price) VALUES (266, 2, 11, 60, 279.23) ON CONFLICT DO NOTHING;
INSERT INTO cost (id, provider_id, pallet, km, price) VALUES (267, 2, 11, 90, 314.06) ON CONFLICT DO NOTHING;
INSERT INTO cost (id, provider_id, pallet, km, price) VALUES (268, 2, 11, 120, 349.02) ON CONFLICT DO NOTHING;
INSERT INTO cost (id, provider_id, pallet, km, price) VALUES (269, 2, 11, 150, 383.85) ON CONFLICT DO NOTHING;
INSERT INTO cost (id, provider_id, pallet, km, price) VALUES (270, 2, 11, 180, 418.82) ON CONFLICT DO NOTHING;
INSERT INTO cost (id, provider_id, pallet, km, price) VALUES (271, 2, 11, 210, 453.64) ON CONFLICT DO NOTHING;
INSERT INTO cost (id, provider_id, pallet, km, price) VALUES (272, 2, 11, 240, 488.61) ON CONFLICT DO NOTHING;
INSERT INTO cost (id, provider_id, pallet, km, price) VALUES (273, 2, 11, 270, 523.44) ON CONFLICT DO NOTHING;
INSERT INTO cost (id, provider_id, pallet, km, price) VALUES (274, 2, 11, 300, 558.32) ON CONFLICT DO NOTHING;
INSERT INTO cost (id, provider_id, pallet, km, price) VALUES (275, 2, 11, 330, 593.28) ON CONFLICT DO NOTHING;
INSERT INTO cost (id, provider_id, pallet, km, price) VALUES (276, 2, 11, 360, 628.15) ON CONFLICT DO NOTHING;
INSERT INTO cost (id, provider_id, pallet, km, price) VALUES (277, 2, 12, 30, 257.9) ON CONFLICT DO NOTHING;
INSERT INTO cost (id, provider_id, pallet, km, price) VALUES (278, 2, 12, 60, 294.75) ON CONFLICT DO NOTHING;
INSERT INTO cost (id, provider_id, pallet, km, price) VALUES (279, 2, 12, 90, 331.56) ON CONFLICT DO NOTHING;
INSERT INTO cost (id, provider_id, pallet, km, price) VALUES (280, 2, 12, 120, 368.46) ON CONFLICT DO NOTHING;
INSERT INTO cost (id, provider_id, pallet, km, price) VALUES (281, 2, 12, 150, 405.31) ON CONFLICT DO NOTHING;
INSERT INTO cost (id, provider_id, pallet, km, price) VALUES (282, 2, 12, 180, 442.12) ON CONFLICT DO NOTHING;
INSERT INTO cost (id, provider_id, pallet, km, price) VALUES (283, 2, 12, 210, 478.93) ON CONFLICT DO NOTHING;
INSERT INTO cost (id, provider_id, pallet, km, price) VALUES (284, 2, 12, 240, 515.83) ON CONFLICT DO NOTHING;
INSERT INTO cost (id, provider_id, pallet, km, price) VALUES (285, 2, 12, 270, 552.64) ON CONFLICT DO NOTHING;
INSERT INTO cost (id, provider_id, pallet, km, price) VALUES (286, 2, 12, 300, 589.54) ON CONFLICT DO NOTHING;
INSERT INTO cost (id, provider_id, pallet, km, price) VALUES (287, 2, 12, 330, 626.36) ON CONFLICT DO NOTHING;
INSERT INTO cost (id, provider_id, pallet, km, price) VALUES (288, 2, 12, 360, 663.21) ON CONFLICT DO NOTHING;
SELECT setval('cost_id_seq', (SELECT MAX(id) FROM cost));
