INSERT INTO address (id, street, number, city, zip, country) VALUES (999, 'Luterbachstrasse', '29', 'Zuchwil', '4528', 'Switzerland') ON CONFLICT DO NOTHING;
INSERT INTO address (id, street, number, city, zip, country) VALUES (998, 'Bahnhofstrasse', '6', 'Windisch', '5210', 'Switzerland') ON CONFLICT DO NOTHING;
INSERT INTO address (id, street, number, city, zip, country) VALUES (997, 'Bahnhofstrasse', '6', 'Windisch', '5210', 'Switzerland') ON CONFLICT DO NOTHING;

INSERT INTO shipster_user (user_id, user_name, first_name, last_name, email, password, address_id, gender, roles) VALUES (999, 'dani_01', 'Daniel', 'Gergely', 'daniel.gergely@students.fhnw.ch', '$2a$10$.oTsOd/w3Lx4xdr3LGC6qe6aYOSZpKIbDi4mq5AgmjT2j29KhT5Bi', '999', 'male', 'ADMIN') ON CONFLICT DO NOTHING;
INSERT INTO shipster_user (user_id, user_name, first_name, last_name, email, password, address_id, gender, roles) VALUES (998, 'est_01', 'Esther', 'Collins', 'esther.collins@students.fhnw.ch', '$2a$10$.oTsOd/w3Lx4xdr3LGC6qe6aYOSZpKIbDi4mq5AgmjT2j29KhT5Bi', '998', 'female', 'USER') ON CONFLICT DO NOTHING;
INSERT INTO shipster_user (user_id, user_name, first_name, last_name, email, password, address_id, gender, roles) VALUES (997, 'admin', 'Admin', 'Admin', 'admin.admin@students.fhnw.ch', '$2a$10$.oTsOd/w3Lx4xdr3LGC6qe6aYOSZpKIbDi4mq5AgmjT2j29KhT5Bi', '997', 'male', 'USER,ADMIN') ON CONFLICT DO NOTHING;

INSERT INTO article (id, name, description, image_url, price, pallet_space, max_stack) VALUES (1, 'Shipster box 1', 'A standard shipping box. 25cm - 80cm - 35cm', '/images/box_1.png', 12.95, 0.2,25) ON CONFLICT DO NOTHING;
INSERT INTO article (id, name, description, image_url, price, pallet_space, max_stack) VALUES (2, 'Shipster box 2', 'A standard shipping box. 35cm - 90cm - 45cm', '/images/box_2.jpeg', 18.95, 0.3, 20) ON CONFLICT DO NOTHING;
INSERT INTO article (id, name, description, image_url, price, pallet_space, max_stack) VALUES (3, 'Shipster box 3', 'A standard shipping box. 35cm - 120cm - 30cm', '/images/box_3.jpeg', 20.95, 0.4, 30) ON CONFLICT DO NOTHING;
INSERT INTO article (id, name, description, image_url, price, pallet_space, max_stack) VALUES (4, 'Shipster big box 1', 'A large shipping box. 40cm - 150cm - 50cm', '/images/box_4.jpeg', 39.95, 0.8, 5) ON CONFLICT DO NOTHING;
INSERT INTO article (id, name, description, image_url, price, pallet_space, max_stack) VALUES (5, 'Shipster tall box', 'A tall shipping box. 50cm - 50cm - 160cm', '/images/box_5.jpg', 42.95, 0.4, 2) ON CONFLICT DO NOTHING;
INSERT INTO article (id, name, description, image_url, price, pallet_space, max_stack) VALUES (6, 'Shipster big box 2', 'A large shipping box. 50cm - 70cm - 120cm', '/images/box_6.jpeg', 49.95, 0.9, 4) ON CONFLICT DO NOTHING;
INSERT INTO article (id, name, description, image_url, price, pallet_space, max_stack) VALUES (7, 'Shipster wooden box', 'A wooden shipping box. 40cm - 50cm - 30cm', '/images/box_7.jpeg', 80.95, 1, 6) ON CONFLICT DO NOTHING;
INSERT INTO article (id, name, description, image_url, price, pallet_space, max_stack) VALUES (8, 'Shipster premium box', 'A premium shipping box. 40cm - 50cm - 40cm', '/images/box_8.jpg', 99.95, 1, 5) ON CONFLICT DO NOTHING;

INSERT INTO shipster_order (id, user_id, order_status) VALUES (1, 999, 'BASKET') ON CONFLICT DO NOTHING;
INSERT INTO shipster_order (id, user_id, order_status) VALUES (2, 998, 'ORDERED') ON CONFLICT DO NOTHING;
INSERT INTO shipster_order (id, user_id, order_status) VALUES (3, 999, 'ORDERED') ON CONFLICT DO NOTHING;
INSERT INTO shipster_order (id, user_id, order_status) VALUES (4, 999, 'ORDERED') ON CONFLICT DO NOTHING;
INSERT INTO shipster_order (id, user_id, order_status) VALUES (5, 999, 'ORDERED') ON CONFLICT DO NOTHING;

/*                                                          //  id art ord q  // */
INSERT INTO order_item (id, article_id, order_id, quantity) VALUES (1, 1, 1, 3) ON CONFLICT DO NOTHING;
INSERT INTO order_item (id, article_id, order_id, quantity) VALUES (2, 3, 1, 10) ON CONFLICT DO NOTHING;
INSERT INTO order_item (id, article_id, order_id, quantity) VALUES (3, 2, 2, 1) ON CONFLICT DO NOTHING;
INSERT INTO order_item (id, article_id, order_id, quantity) VALUES (5, 4, 2, 2) ON CONFLICT DO NOTHING;
INSERT INTO order_item (id, article_id, order_id, quantity) VALUES (6, 5, 3, 12) ON CONFLICT DO NOTHING;
INSERT INTO order_item (id, article_id, order_id, quantity) VALUES (7, 1, 4, 3) ON CONFLICT DO NOTHING;
INSERT INTO order_item (id, article_id, order_id, quantity) VALUES (8, 1, 5, 8) ON CONFLICT DO NOTHING;
INSERT INTO order_item (id, article_id, order_id, quantity) VALUES (9, 2, 5, 1) ON CONFLICT DO NOTHING;
INSERT INTO order_item (id, article_id, order_id, quantity) VALUES (10, 3, 5, 1) ON CONFLICT DO NOTHING;
INSERT INTO order_item (id, article_id, order_id, quantity) VALUES (12, 4, 5, 5) ON CONFLICT DO NOTHING;
INSERT INTO order_item (id, article_id, order_id, quantity) VALUES (13, 5, 5, 28) ON CONFLICT DO NOTHING;

INSERT INTO provider (id, name) VALUES (1, 'DHL') ON CONFLICT DO NOTHING;

INSERT INTO cost (id, provider_id, pallet, km, price) VALUES (1, 1,'1' ,'30', '58.65') ON CONFLICT DO NOTHING;
INSERT INTO cost (id, provider_id, pallet, km, price) VALUES (2, 1,'1' ,'60', '67.00') ON CONFLICT DO NOTHING;
INSERT INTO cost (id, provider_id, pallet, km, price) VALUES (3, 1,'1' ,'90', '75.40') ON CONFLICT DO NOTHING;
INSERT INTO cost (id, provider_id, pallet, km, price) VALUES (4, 1,'1' ,'120', '83.75') ON CONFLICT DO NOTHING;
INSERT INTO cost (id, provider_id, pallet, km, price) VALUES (5, 1,'1' ,'150', '92.15') ON CONFLICT DO NOTHING;
INSERT INTO cost (id, provider_id, pallet, km, price) VALUES (6, 1,'1' ,'180', '100.55') ON CONFLICT DO NOTHING;
INSERT INTO cost (id, provider_id, pallet, km, price) VALUES (7, 1,'1' ,'210', '108.95') ON CONFLICT DO NOTHING;
INSERT INTO cost (id, provider_id, pallet, km, price) VALUES (8, 1,'1' ,'240', '117.30') ON CONFLICT DO NOTHING;
INSERT INTO cost (id, provider_id, pallet, km, price) VALUES (9, 1,'1' ,'270', '125.65') ON CONFLICT DO NOTHING;
INSERT INTO cost (id, provider_id, pallet, km, price) VALUES (10, 1,'1' ,'300', '134.05') ON CONFLICT DO NOTHING;
INSERT INTO cost (id, provider_id, pallet, km, price) VALUES (11, 1,'1' ,'330', '142.40') ON CONFLICT DO NOTHING;
INSERT INTO cost (id, provider_id, pallet, km, price) VALUES (12, 1,'1' ,'360', '150.75') ON CONFLICT DO NOTHING;
INSERT INTO cost (id, provider_id, pallet, km, price) VALUES (13, 1,'2' ,'30', '87.00') ON CONFLICT DO NOTHING;
INSERT INTO cost (id, provider_id, pallet, km, price) VALUES (14, 1,'2' ,'60', '99.40') ON CONFLICT DO NOTHING;
INSERT INTO cost (id, provider_id, pallet, km, price) VALUES (15, 1,'2' ,'90', '111.90') ON CONFLICT DO NOTHING;
INSERT INTO cost (id, provider_id, pallet, km, price) VALUES (16, 1,'2' ,'120', '124.30') ON CONFLICT DO NOTHING;
INSERT INTO cost (id, provider_id, pallet, km, price) VALUES (17, 1,'2' ,'150', '136.70') ON CONFLICT DO NOTHING;
INSERT INTO cost (id, provider_id, pallet, km, price) VALUES (18, 1,'2' ,'180', '149.20') ON CONFLICT DO NOTHING;
INSERT INTO cost (id, provider_id, pallet, km, price) VALUES (19, 1,'2' ,'210', '161.55') ON CONFLICT DO NOTHING;
INSERT INTO cost (id, provider_id, pallet, km, price) VALUES (20, 1,'2' ,'240', '174.05') ON CONFLICT DO NOTHING;
INSERT INTO cost (id, provider_id, pallet, km, price) VALUES (21, 1,'2' ,'270', '186.45') ON CONFLICT DO NOTHING;
INSERT INTO cost (id, provider_id, pallet, km, price) VALUES (22, 1,'2' ,'300', '198.85') ON CONFLICT DO NOTHING;
INSERT INTO cost (id, provider_id, pallet, km, price) VALUES (23, 1,'2' ,'330', '211.30') ON CONFLICT DO NOTHING;
INSERT INTO cost (id, provider_id, pallet, km, price) VALUES (24, 1,'2' ,'360', '223.80') ON CONFLICT DO NOTHING;
INSERT INTO cost (id, provider_id, pallet, km, price) VALUES (25, 1,'3' ,'30', '114.50') ON CONFLICT DO NOTHING;
INSERT INTO cost (id, provider_id, pallet, km, price) VALUES (26, 1,'3' ,'60', '130.85') ON CONFLICT DO NOTHING;
INSERT INTO cost (id, provider_id, pallet, km, price) VALUES (27, 1,'3' ,'90', '147.15') ON CONFLICT DO NOTHING;
INSERT INTO cost (id, provider_id, pallet, km, price) VALUES (28, 1,'3' ,'120', '163.50') ON CONFLICT DO NOTHING;
INSERT INTO cost (id, provider_id, pallet, km, price) VALUES (29, 1,'3' ,'150', '179.80') ON CONFLICT DO NOTHING;
INSERT INTO cost (id, provider_id, pallet, km, price) VALUES (30, 1,'3' ,'180', '196.15') ON CONFLICT DO NOTHING;
INSERT INTO cost (id, provider_id, pallet, km, price) VALUES (31, 1,'3' ,'210', '212.50') ON CONFLICT DO NOTHING;
INSERT INTO cost (id, provider_id, pallet, km, price) VALUES (32, 1,'3' ,'240', '228.90') ON CONFLICT DO NOTHING;
INSERT INTO cost (id, provider_id, pallet, km, price) VALUES (33, 1,'3' ,'270', '245.30') ON CONFLICT DO NOTHING;
INSERT INTO cost (id, provider_id, pallet, km, price) VALUES (34, 1,'3' ,'300', '261.60') ON CONFLICT DO NOTHING;
INSERT INTO cost (id, provider_id, pallet, km, price) VALUES (35, 1,'3' ,'330', '277.95') ON CONFLICT DO NOTHING;
INSERT INTO cost (id, provider_id, pallet, km, price) VALUES (36, 1,'3' ,'360', '294.30') ON CONFLICT DO NOTHING;
INSERT INTO cost(id, provider_id, pallet, km, price) VALUES (37, 1,'4' ,'30', '137.10') ON CONFLICT DO NOTHING;
INSERT INTO cost (id, provider_id, pallet, km, price) VALUES (38, 1,'4' ,'60', '156.75') ON CONFLICT DO NOTHING;
INSERT INTO cost (id, provider_id, pallet, km, price) VALUES (39, 1,'4' ,'90', '176.35') ON CONFLICT DO NOTHING;
INSERT INTO cost (id, provider_id, pallet, km, price) VALUES (40, 1,'4' ,'120', '195.90') ON CONFLICT DO NOTHING;
INSERT INTO cost (id, provider_id, pallet, km, price) VALUES (41, 1,'4' ,'150', '215.50') ON CONFLICT DO NOTHING;
INSERT INTO cost (id, provider_id, pallet, km, price) VALUES (42, 1,'4' ,'180', '235.15') ON CONFLICT DO NOTHING;
INSERT INTO cost (id, provider_id, pallet, km, price) VALUES (43, 1,'4' ,'210', '253.90') ON CONFLICT DO NOTHING;
INSERT INTO cost (id, provider_id, pallet, km, price) VALUES (44, 1,'4' ,'240', '274.25') ON CONFLICT DO NOTHING;
INSERT INTO cost (id, provider_id, pallet, km, price) VALUES (45, 1,'4' ,'270', '293.90') ON CONFLICT DO NOTHING;
INSERT INTO cost (id, provider_id, pallet, km, price) VALUES (46, 1,'4' ,'300', '313.45') ON CONFLICT DO NOTHING;
INSERT INTO cost (id, provider_id, pallet, km, price) VALUES (47, 1,'4' ,'330', '332.95') ON CONFLICT DO NOTHING;
INSERT INTO cost (id, provider_id, pallet, km, price) VALUES (48, 1,'4' ,'360', '352.65') ON CONFLICT DO NOTHING;
INSERT INTO cost (id, provider_id, pallet, km, price) VALUES (49, 1,'5' ,'30', '160.80') ON CONFLICT DO NOTHING;
INSERT INTO cost (id, provider_id, pallet, km, price) VALUES (50, 1,'5' ,'60', '183.80') ON CONFLICT DO NOTHING;
INSERT INTO cost (id, provider_id, pallet, km, price) VALUES (51, 1,'5' ,'90', '206.65') ON CONFLICT DO NOTHING;
INSERT INTO cost (id, provider_id, pallet, km, price) VALUES (52, 1,'5' ,'120', '229.70') ON CONFLICT DO NOTHING;
INSERT INTO cost (id, provider_id, pallet, km, price) VALUES (53, 1,'5' ,'150', '252.60') ON CONFLICT DO NOTHING;
INSERT INTO cost (id, provider_id, pallet, km, price) VALUES (54, 1,'5' ,'180', '275.60') ON CONFLICT DO NOTHING;
INSERT INTO cost (id, provider_id, pallet, km, price) VALUES (55, 1,'5' ,'210', '298.60') ON CONFLICT DO NOTHING;
INSERT INTO cost (id, provider_id, pallet, km, price) VALUES (56, 1,'5' ,'240', '321.55') ON CONFLICT DO NOTHING;
INSERT INTO cost (id, provider_id, pallet, km, price) VALUES (57, 1,'5' ,'270', '344.55') ON CONFLICT DO NOTHING;
INSERT INTO cost (id, provider_id, pallet, km, price) VALUES (58, 1,'5' ,'300', '367.50') ON CONFLICT DO NOTHING;
INSERT INTO cost (id, provider_id, pallet, km, price) VALUES (59, 1,'5' ,'330', '390.45') ON CONFLICT DO NOTHING;
INSERT INTO cost (id, provider_id, pallet, km, price) VALUES (60, 1,'5' ,'360', '413.45') ON CONFLICT DO NOTHING;
INSERT INTO cost (id, provider_id, pallet, km, price) VALUES (61, 1,'6' ,'30', '181.65') ON CONFLICT DO NOTHING;
INSERT INTO cost (id, provider_id, pallet, km, price) VALUES (62, 1,'6' ,'60', '207.55') ON CONFLICT DO NOTHING;
INSERT INTO cost (id, provider_id, pallet, km, price) VALUES (63, 1,'6' ,'90', '233.50') ON CONFLICT DO NOTHING;
INSERT INTO cost (id, provider_id, pallet, km, price) VALUES (64, 1,'6' ,'120', '259.45') ON CONFLICT DO NOTHING;
INSERT INTO cost (id, provider_id, pallet, km, price) VALUES (65, 1,'6' ,'150', '285.30') ON CONFLICT DO NOTHING;
INSERT INTO cost (id, provider_id, pallet, km, price) VALUES (66, 1,'6' ,'180', '311.25') ON CONFLICT DO NOTHING;
INSERT INTO cost (id, provider_id, pallet, km, price) VALUES (67, 1,'6' ,'210', '337.15') ON CONFLICT DO NOTHING;
INSERT INTO cost (id, provider_id, pallet, km, price) VALUES (68, 1,'6' ,'240', '363.15') ON CONFLICT DO NOTHING;
INSERT INTO cost (id, provider_id, pallet, km, price) VALUES (69, 1,'6' ,'270', '389.10') ON CONFLICT DO NOTHING;
INSERT INTO cost (id, provider_id, pallet, km, price) VALUES (70, 1,'6' ,'300', '415.00') ON CONFLICT DO NOTHING;
INSERT INTO cost (id, provider_id, pallet, km, price) VALUES (71, 1,'6' ,'330', '441.05') ON CONFLICT DO NOTHING;
INSERT INTO cost (id, provider_id, pallet, km, price) VALUES (72, 1,'6' ,'360', '466.90') ON CONFLICT DO NOTHING;
INSERT INTO cost (id, provider_id, pallet, km, price) VALUES (73, 1,'7' ,'30', '201.45') ON CONFLICT DO NOTHING;
INSERT INTO cost (id, provider_id, pallet, km, price) VALUES (74, 1,'7' ,'60', '230.25') ON CONFLICT DO NOTHING;
INSERT INTO cost (id, provider_id, pallet, km, price) VALUES (75, 1,'7' ,'90', '259.00') ON CONFLICT DO NOTHING;
INSERT INTO cost (id, provider_id, pallet, km, price) VALUES (76, 1,'7' ,'120', '287.70') ON CONFLICT DO NOTHING;
INSERT INTO cost (id, provider_id, pallet, km, price) VALUES (77, 1,'7' ,'150', '316.50') ON CONFLICT DO NOTHING;
INSERT INTO cost (id, provider_id, pallet, km, price) VALUES (78, 1,'7' ,'180', '345.35') ON CONFLICT DO NOTHING;
INSERT INTO cost (id, provider_id, pallet, km, price) VALUES (79, 1,'7' ,'210', '374.15') ON CONFLICT DO NOTHING;
INSERT INTO cost (id, provider_id, pallet, km, price) VALUES (80, 1,'7' ,'240', '402.90') ON CONFLICT DO NOTHING;
INSERT INTO cost (id, provider_id, pallet, km, price) VALUES (81, 1,'7' ,'270', '431.70') ON CONFLICT DO NOTHING;
INSERT INTO cost (id, provider_id, pallet, km, price) VALUES (82, 1,'7' ,'300', '460.45') ON CONFLICT DO NOTHING;
INSERT INTO cost (id, provider_id, pallet, km, price) VALUES (83, 1,'7' ,'330', '489.20') ON CONFLICT DO NOTHING;
INSERT INTO cost (id, provider_id, pallet, km, price) VALUES (84, 1,'7' ,'360', '518.00') ON CONFLICT DO NOTHING;
INSERT INTO cost (id, provider_id, pallet, km, price) VALUES (85, 1,'8' ,'30', '220.30') ON CONFLICT DO NOTHING;
INSERT INTO cost (id, provider_id, pallet, km, price) VALUES (86, 1,'8' ,'60', '251.85') ON CONFLICT DO NOTHING;
INSERT INTO cost (id, provider_id, pallet, km, price) VALUES (87, 1,'8' ,'90', '283.35') ON CONFLICT DO NOTHING;
INSERT INTO cost (id, provider_id, pallet, km, price) VALUES (88, 1,'8' ,'120', '314.85') ON CONFLICT DO NOTHING;
INSERT INTO cost (id, provider_id, pallet, km, price) VALUES (89, 1,'8' ,'150', '346.30') ON CONFLICT DO NOTHING;
INSERT INTO cost (id, provider_id, pallet, km, price) VALUES (90, 1,'8' ,'180', '377.75') ON CONFLICT DO NOTHING;
INSERT INTO cost (id, provider_id, pallet, km, price) VALUES (91, 1,'8' ,'210', '409.30') ON CONFLICT DO NOTHING;
INSERT INTO cost (id, provider_id, pallet, km, price) VALUES (92, 1,'8' ,'240', '440.75') ON CONFLICT DO NOTHING;
INSERT INTO cost (id, provider_id, pallet, km, price) VALUES (93, 1,'8' ,'270', '472.20') ON CONFLICT DO NOTHING;
INSERT INTO cost (id, provider_id, pallet, km, price) VALUES (94, 1,'8' ,'300', '503.70') ON CONFLICT DO NOTHING;
INSERT INTO cost (id, provider_id, pallet, km, price) VALUES (95, 1,'8' ,'330', '535.20') ON CONFLICT DO NOTHING;
INSERT INTO cost (id, provider_id, pallet, km, price) VALUES (96, 1,'8' ,'360', '566.70') ON CONFLICT DO NOTHING;
INSERT INTO cost (id, provider_id, pallet, km, price) VALUES (97, 1,'9' ,'30', '238.35') ON CONFLICT DO NOTHING;
INSERT INTO cost (id, provider_id, pallet, km, price) VALUES (98, 1,'9' ,'60', '272.40') ON CONFLICT DO NOTHING;
INSERT INTO cost (id, provider_id, pallet, km, price) VALUES (99, 1,'9' ,'90', '306.45') ON CONFLICT DO NOTHING;
INSERT INTO cost (id, provider_id, pallet, km, price) VALUES (90, 1,'9' ,'120', '340.50') ON CONFLICT DO NOTHING;
INSERT INTO cost (id, provider_id, pallet, km, price) VALUES (91, 1,'9' ,'150', '374.50') ON CONFLICT DO NOTHING;
INSERT INTO cost (id, provider_id, pallet, km, price) VALUES (92, 1,'9' ,'180', '408.60') ON CONFLICT DO NOTHING;
INSERT INTO cost (id, provider_id, pallet, km, price) VALUES (93, 1,'9' ,'210', '442.60') ON CONFLICT DO NOTHING;
INSERT INTO cost (id, provider_id, pallet, km, price) VALUES (94, 1,'9' ,'240', '476.70') ON CONFLICT DO NOTHING;
INSERT INTO cost (id, provider_id, pallet, km, price) VALUES (95, 1,'9' ,'270', '510.75') ON CONFLICT DO NOTHING;
INSERT INTO cost (id, provider_id, pallet, km, price) VALUES (96, 1,'9' ,'300', '544.70') ON CONFLICT DO NOTHING;
INSERT INTO cost (id, provider_id, pallet, km, price) VALUES (97, 1,'9' ,'330', '578.85') ON CONFLICT DO NOTHING;
INSERT INTO cost (id, provider_id, pallet, km, price) VALUES (98, 1,'9' ,'360', '612.85') ON CONFLICT DO NOTHING;
INSERT INTO cost (id, provider_id, pallet, km, price) VALUES (99, 1,'10' ,'30', '255.35') ON CONFLICT DO NOTHING;
INSERT INTO cost (id, provider_id, pallet, km, price) VALUES (100, 1,'10' ,'60', '291.90') ON CONFLICT DO NOTHING;
INSERT INTO cost (id, provider_id, pallet, km, price) VALUES (101, 1,'10' ,'90', '328.40') ON CONFLICT DO NOTHING;
INSERT INTO cost (id, provider_id, pallet, km, price) VALUES (102, 1,'10' ,'120', '364.75') ON CONFLICT DO NOTHING;
INSERT INTO cost (id, provider_id, pallet, km, price) VALUES (103, 1,'10' ,'150', '401.25') ON CONFLICT DO NOTHING;
INSERT INTO cost (id, provider_id, pallet, km, price) VALUES (104, 1,'10' ,'180', '437.75') ON CONFLICT DO NOTHING;
INSERT INTO cost (id, provider_id, pallet, km, price) VALUES (105, 1,'10' ,'210', '474.25') ON CONFLICT DO NOTHING;
INSERT INTO cost (id, provider_id, pallet, km, price) VALUES (106, 1,'10' ,'240', '510.75') ON CONFLICT DO NOTHING;
INSERT INTO cost (id, provider_id, pallet, km, price) VALUES (107, 1,'10' ,'270', '547.20') ON CONFLICT DO NOTHING;
INSERT INTO cost (id, provider_id, pallet, km, price) VALUES (108, 1,'10' ,'300', '583.65') ON CONFLICT DO NOTHING;
INSERT INTO cost (id, provider_id, pallet, km, price) VALUES (109, 1,'10' ,'330', '620.15') ON CONFLICT DO NOTHING;
INSERT INTO cost (id, provider_id, pallet, km, price) VALUES (110, 1,'10' ,'360', '656.65') ON CONFLICT DO NOTHING;
INSERT INTO cost (id, provider_id, pallet, km, price) VALUES (111, 1,'11' ,'30', '271.45') ON CONFLICT DO NOTHING;
INSERT INTO cost (id, provider_id, pallet, km, price) VALUES (112, 1,'11' ,'60', '310.25') ON CONFLICT DO NOTHING;
INSERT INTO cost (id, provider_id, pallet, km, price) VALUES (113, 1,'11' ,'90', '348.96') ON CONFLICT DO NOTHING;
INSERT INTO cost (id, provider_id, pallet, km, price) VALUES (114, 1,'11' ,'120', '387.80') ON CONFLICT DO NOTHING;
INSERT INTO cost (id, provider_id, pallet, km, price) VALUES (115, 1,'11' ,'150', '426.50') ON CONFLICT DO NOTHING;
INSERT INTO cost (id, provider_id, pallet, km, price) VALUES (116, 1,'11' ,'180', '465.35') ON CONFLICT DO NOTHING;
INSERT INTO cost (id, provider_id, pallet, km, price) VALUES (117, 1,'11' ,'210', '504.05') ON CONFLICT DO NOTHING;
INSERT INTO cost (id, provider_id, pallet, km, price) VALUES (118, 1,'11' ,'240', '542.90') ON CONFLICT DO NOTHING;
INSERT INTO cost (id, provider_id, pallet, km, price) VALUES (119, 1,'11' ,'270', '581.60') ON CONFLICT DO NOTHING;
INSERT INTO cost (id, provider_id, pallet, km, price) VALUES (120, 1,'11' ,'300', '620.35') ON CONFLICT DO NOTHING;
INSERT INTO cost (id, provider_id, pallet, km, price) VALUES (121, 1,'11' ,'330', '659.20') ON CONFLICT DO NOTHING;
INSERT INTO cost (id, provider_id, pallet, km, price) VALUES (122, 1,'11' ,'360', '697.95') ON CONFLICT DO NOTHING;
INSERT INTO cost (id, provider_id, pallet, km, price) VALUES (123, 1,'12' ,'30', '286.55') ON CONFLICT DO NOTHING;
INSERT INTO cost (id, provider_id, pallet, km, price) VALUES (124, 1,'12' ,'60', '327.50') ON CONFLICT DO NOTHING;
INSERT INTO cost (id, provider_id, pallet, km, price) VALUES (125, 1,'12' ,'90', '368.40') ON CONFLICT DO NOTHING;
INSERT INTO cost (id, provider_id, pallet, km, price) VALUES (126, 1,'12' ,'120', '409.40') ON CONFLICT DO NOTHING;
INSERT INTO cost (id, provider_id, pallet, km, price) VALUES (127, 1,'12' ,'150', '450.35') ON CONFLICT DO NOTHING;
INSERT INTO cost (id, provider_id, pallet, km, price) VALUES (128, 1,'12' ,'180', '491.25') ON CONFLICT DO NOTHING;
INSERT INTO cost (id, provider_id, pallet, km, price) VALUES (129, 1,'12' ,'210', '532.15') ON CONFLICT DO NOTHING;
INSERT INTO cost (id, provider_id, pallet, km, price) VALUES (130, 1,'12' ,'240', '573.15') ON CONFLICT DO NOTHING;
INSERT INTO cost (id, provider_id, pallet, km, price) VALUES (131, 1,'12' ,'270', '614.05') ON CONFLICT DO NOTHING;
INSERT INTO cost (id, provider_id, pallet, km, price) VALUES (132, 1,'12' ,'300', '655.05') ON CONFLICT DO NOTHING;
INSERT INTO cost (id, provider_id, pallet, km, price) VALUES (133, 1,'12' ,'330', '695.95') ON CONFLICT DO NOTHING;
INSERT INTO cost (id, provider_id, pallet, km, price) VALUES (134, 1,'12' ,'360', '736.90') ON CONFLICT DO NOTHING;